driver_id,code,first_name,last_name,dob,nationality,url
1,HAM,Lewis,Hamilton,1985-01-07,British,http://en.wikipedia.org/wiki/Lewis_Hamilton
2,HEI,Nick,Heidfeld,1977-05-10,German,http://en.wikipedia.org/wiki/Nick_Heidfeld
3,ROS,Nico,Rosberg,1985-06-27,German,http://en.wikipedia.org/wiki/Nico_Rosberg
4,ALO,Fernando,Alonso,1981-07-29,Spanish,http://en.wikipedia.org/wiki/Fernando_Alonso
5,KOV,Heikki,Kovalainen,1981-10-19,Finnish,http://en.wikipedia.org/wiki/Heikki_Kovalainen
6,NAK,Kazuki,Nakajima,1985-01-11,Japanese,http://en.wikipedia.org/wiki/Kazuki_Nakajima
7,BOU,S�bastien,Bourdais,1979-02-28,French,http://en.wikipedia.org/wiki/S%C3%A9bastien_Bourdais
8,RAI,Kimi,R�ikk�nen,1979-10-17,Finnish,http://en.wikipedia.org/wiki/Kimi_R%C3%A4ikk%C3%B6nen
9,KUB,Robert,Kubica,1984-12-07,Polish,http://en.wikipedia.org/wiki/Robert_Kubica
10,GLO,Timo,Glock,1982-03-18,German,http://en.wikipedia.org/wiki/Timo_Glock
11,SAT,Takuma,Sato,1977-01-28,Japanese,http://en.wikipedia.org/wiki/Takuma_Sato
12,PIQ,Nelson,Piquet Jr.,1985-07-25,Brazilian,"http://en.wikipedia.org/wiki/Nelson_Piquet,_Jr."
13,MAS,Felipe,Massa,1981-04-25,Brazilian,http://en.wikipedia.org/wiki/Felipe_Massa
14,COU,David,Coulthard,1971-03-27,British,http://en.wikipedia.org/wiki/David_Coulthard
15,TRU,Jarno,Trulli,1974-07-13,Italian,http://en.wikipedia.org/wiki/Jarno_Trulli
16,SUT,Adrian,Sutil,1983-01-11,German,http://en.wikipedia.org/wiki/Adrian_Sutil
17,WEB,Mark,Webber,1976-08-27,Australian,http://en.wikipedia.org/wiki/Mark_Webber_(racing_driver)
18,BUT,Jenson,Button,1980-01-19,British,http://en.wikipedia.org/wiki/Jenson_Button
19,DAV,Anthony,Davidson,1979-04-18,British,http://en.wikipedia.org/wiki/Anthony_Davidson
20,VET,Sebastian,Vettel,1987-07-03,German,http://en.wikipedia.org/wiki/Sebastian_Vettel
21,FIS,Giancarlo,Fisichella,1973-01-14,Italian,http://en.wikipedia.org/wiki/Giancarlo_Fisichella
22,BAR,Rubens,Barrichello,1972-05-23,Brazilian,http://en.wikipedia.org/wiki/Rubens_Barrichello
23,SCH,Ralf,Schumacher,1975-06-30,German,http://en.wikipedia.org/wiki/Ralf_Schumacher
24,LIU,Vitantonio,Liuzzi,1980-08-06,Italian,http://en.wikipedia.org/wiki/Vitantonio_Liuzzi
25,WUR,Alexander,Wurz,1974-02-15,Austrian,http://en.wikipedia.org/wiki/Alexander_Wurz
26,SPE,Scott,Speed,1983-01-24,American,http://en.wikipedia.org/wiki/Scott_Speed
27,ALB,Christijan,Albers,1979-04-16,Dutch,http://en.wikipedia.org/wiki/Christijan_Albers
28,WIN,Markus,Winkelhock,1980-06-13,German,http://en.wikipedia.org/wiki/Markus_Winkelhock
29,YAM,Sakon,Yamamoto,1982-07-09,Japanese,http://en.wikipedia.org/wiki/Sakon_Yamamoto
30,MSC,Michael,Schumacher,1969-01-03,German,http://en.wikipedia.org/wiki/Michael_Schumacher
31,MON,Juan,Pablo Montoya,1975-09-20,Colombian,http://en.wikipedia.org/wiki/Juan_Pablo_Montoya
32,KLI,Christian,Klien,1983-02-07,Austrian,http://en.wikipedia.org/wiki/Christian_Klien
33,TMO,Tiago,Monteiro,1976-07-24,Portuguese,http://en.wikipedia.org/wiki/Tiago_Monteiro
34,IDE,Yuji,Ide,1975-01-21,Japanese,http://en.wikipedia.org/wiki/Yuji_Ide
35,VIL,Jacques,Villeneuve,1971-04-09,Canadian,http://en.wikipedia.org/wiki/Jacques_Villeneuve
36,FMO,Franck,Montagny,1978-01-05,French,http://en.wikipedia.org/wiki/Franck_Montagny
37,DLR,Pedro,de la Rosa,1971-02-24,Spanish,http://en.wikipedia.org/wiki/Pedro_de_la_Rosa
38,DOO,Robert,Doornbos,1981-09-23,Dutch,http://en.wikipedia.org/wiki/Robert_Doornbos
39,KAR,Narain,Karthikeyan,1977-01-14,Indian,http://en.wikipedia.org/wiki/Narain_Karthikeyan
40,FRI,Patrick,Friesacher,1980-09-26,Austrian,http://en.wikipedia.org/wiki/Patrick_Friesacher
41,ZON,Ricardo,Zonta,1976-03-23,Brazilian,http://en.wikipedia.org/wiki/Ricardo_Zonta
42,PIZ,Antônio,Pizzonia,1980-09-11,Brazilian,http://en.wikipedia.org/wiki/Ant%C3%B4nio_Pizzonia
43,\N,Cristiano,da Matta,1973-09-19,Brazilian,http://en.wikipedia.org/wiki/Cristiano_da_Matta
44,\N,Olivier,Panis,1966-09-02,French,http://en.wikipedia.org/wiki/Olivier_Panis
45,\N,Giorgio,Pantano,1979-02-04,Italian,http://en.wikipedia.org/wiki/Giorgio_Pantano
46,\N,Gianmaria,Bruni,1981-05-30,Italian,http://en.wikipedia.org/wiki/Gianmaria_Bruni
47,\N,Zsolt,Baumgartner,1981-01-01,Hungarian,http://en.wikipedia.org/wiki/Zsolt_Baumgartner
48,\N,Marc,Gen�,1974-03-29,Spanish,http://en.wikipedia.org/wiki/Marc_Gen%C3%A9
49,\N,Heinz-Harald,Frentzen,1967-05-18,German,http://en.wikipedia.org/wiki/Heinz-Harald_Frentzen
50,\N,Jos,Verstappen,1972-03-04,Dutch,http://en.wikipedia.org/wiki/Jos_Verstappen
51,\N,Justin,Wilson,1978-07-31,British,http://en.wikipedia.org/wiki/Justin_Wilson_(racing_driver)
52,\N,Ralph,Firman,1975-05-20,Irish,http://en.wikipedia.org/wiki/Ralph_Firman
53,\N,Nicolas,Kiesa,1978-03-03,Danish,http://en.wikipedia.org/wiki/Nicolas_Kiesa
54,\N,Luciano,Burti,1975-03-05,Brazilian,http://en.wikipedia.org/wiki/Luciano_Burti
55,\N,Jean,Alesi,1964-06-11,French,http://en.wikipedia.org/wiki/Jean_Alesi
56,\N,Eddie,Irvine,1965-11-10,British,http://en.wikipedia.org/wiki/Eddie_Irvine
57,\N,Mika,H�kkinen,1968-09-28,Finnish,http://en.wikipedia.org/wiki/Mika_H%C3%A4kkinen
58,\N,Tarso,Marques,1976-01-19,Brazilian,http://en.wikipedia.org/wiki/Tarso_Marques
59,\N,Enrique,Bernoldi,1978-10-19,Brazilian,http://en.wikipedia.org/wiki/Enrique_Bernoldi
60,\N,Gast�n,Mazzacane,1975-05-08,Argentine,http://en.wikipedia.org/wiki/Gast%C3%B3n_Mazzacane
61,\N,Tom�,Enge,1976-09-11,Czech,http://en.wikipedia.org/wiki/Tom%C3%A1%C5%A1_Enge
62,\N,Alex,Yoong,1976-07-20,Malaysian,http://en.wikipedia.org/wiki/Alex_Yoong
63,\N,Mika,Salo,1966-11-30,Finnish,http://en.wikipedia.org/wiki/Mika_Salo
64,\N,Pedro,Diniz,1970-05-22,Brazilian,http://en.wikipedia.org/wiki/Pedro_Diniz
65,\N,Johnny,Herbert,1964-06-25,British,http://en.wikipedia.org/wiki/Johnny_Herbert
66,\N,Allan,McNish,1969-12-29,British,http://en.wikipedia.org/wiki/Allan_McNish
67,BUE,S�bastien,Buemi,1988-10-31,Swiss,http://en.wikipedia.org/wiki/S%C3%A9bastien_Buemi
68,\N,Toranosuke,Takagi,1974-02-12,Japanese,http://en.wikipedia.org/wiki/Toranosuke_Takagi
69,BAD,Luca,Badoer,1971-01-25,Italian,http://en.wikipedia.org/wiki/Luca_Badoer
70,\N,Alessandro,Zanardi,1966-10-23,Italian,http://en.wikipedia.org/wiki/Alex_Zanardi
71,\N,Damon,Hill,1960-09-17,British,http://en.wikipedia.org/wiki/Damon_Hill
72,\N,St�phane,Sarrazin,1975-11-02,French,http://en.wikipedia.org/wiki/St%C3%A9phane_Sarrazin
73,\N,Ricardo,Rosset,1968-07-27,Brazilian,http://en.wikipedia.org/wiki/Ricardo_Rosset
74,\N,Esteban,Tuero,1978-04-22,Argentine,http://en.wikipedia.org/wiki/Esteban_Tuero
75,\N,Shinji,Nakano,1971-04-01,Japanese,http://en.wikipedia.org/wiki/Shinji_Nakano
76,MAG,Jan,Magnussen,1973-07-04,Danish,http://en.wikipedia.org/wiki/Jan_Magnussen
77,\N,Gerhard,Berger,1959-08-27,Austrian,http://en.wikipedia.org/wiki/Gerhard_Berger
78,\N,Nicola,Larini,1964-03-19,Italian,http://en.wikipedia.org/wiki/Nicola_Larini
79,\N,Ukyo,Katayama,1963-05-29,Japanese,http://en.wikipedia.org/wiki/Ukyo_Katayama
80,\N,Vincenzo,Sospiri,1966-10-07,Italian,http://en.wikipedia.org/wiki/Vincenzo_Sospiri
81,\N,Gianni,Morbidelli,1968-01-13,Italian,http://en.wikipedia.org/wiki/Gianni_Morbidelli
82,\N,Norberto,Fontana,1975-01-20,Argentine,http://en.wikipedia.org/wiki/Norberto_Fontana
83,\N,Pedro,Lamy,1972-03-20,Portuguese,http://en.wikipedia.org/wiki/Pedro_Lamy
84,\N,Martin,Brundle,1959-06-01,British,http://en.wikipedia.org/wiki/Martin_Brundle
85,\N,Andrea,Montermini,1964-05-30,Italian,http://en.wikipedia.org/wiki/Andrea_Montermini
86,\N,Giovanni,Lavaggi,1958-02-18,Italian,http://en.wikipedia.org/wiki/Giovanni_Lavaggi
87,\N,Mark,Blundell,1966-04-08,British,http://en.wikipedia.org/wiki/Mark_Blundell
88,\N,Aguri,Suzuki,1960-09-08,Japanese,http://en.wikipedia.org/wiki/Aguri_Suzuki
89,\N,Taki,Inoue,1963-09-05,Japanese,http://en.wikipedia.org/wiki/Taki_Inoue
90,\N,Roberto,Moreno,1959-02-11,Brazilian,http://en.wikipedia.org/wiki/Roberto_Moreno
91,\N,Karl,Wendlinger,1968-12-20,Austrian,http://en.wikipedia.org/wiki/Karl_Wendlinger
92,\N,Bertrand,Gachot,1962-12-23,Belgian,http://en.wikipedia.org/wiki/Bertrand_Gachot
93,\N,Domenico,Schiattarella,1967-11-17,Italian,http://en.wikipedia.org/wiki/Domenico_Schiattarella
94,\N,Pierluigi,Martini,1961-04-23,Italian,http://en.wikipedia.org/wiki/Pierluigi_Martini
95,\N,Nigel,Mansell,1953-08-08,British,http://en.wikipedia.org/wiki/Nigel_Mansell
96,\N,Jean-Christophe,Boullion,1969-12-27,French,http://en.wikipedia.org/wiki/Jean-Christophe_Boullion
97,\N,Massimiliano,Papis,1969-10-03,Italian,http://en.wikipedia.org/wiki/Massimiliano_Papis
98,\N,Jean-Denis,Del�traz,1963-10-01,Swiss,http://en.wikipedia.org/wiki/Jean-Denis_Deletraz
99,\N,Gabriele,Tarquini,1962-03-02,Italian,http://en.wikipedia.org/wiki/Gabriele_Tarquini
100,\N,Érik,Comas,1963-09-28,French,http://en.wikipedia.org/wiki/%C3%89rik_Comas
101,\N,David,Brabham,1965-09-05,Australian,http://en.wikipedia.org/wiki/David_Brabham
102,\N,Ayrton,Senna,1960-03-21,Brazilian,http://en.wikipedia.org/wiki/Ayrton_Senna
103,\N,Éric,Bernard,1964-08-24,French,http://en.wikipedia.org/wiki/%C3%89ric_Bernard
104,\N,Christian,Fittipaldi,1971-01-18,Brazilian,http://en.wikipedia.org/wiki/Christian_Fittipaldi
105,\N,Michele,Alboreto,1956-12-23,Italian,http://en.wikipedia.org/wiki/Michele_Alboreto
106,\N,Olivier,Beretta,1969-11-23,Monegasque,http://en.wikipedia.org/wiki/Olivier_Beretta
107,\N,Roland,Ratzenberger,1960-07-04,Austrian,http://en.wikipedia.org/wiki/Roland_Ratzenberger
108,\N,Paul,Belmondo,1963-04-23,French,http://en.wikipedia.org/wiki/Paul_Belmondo
109,\N,Jyrki,J�rvilehto,1966-01-31,Finnish,http://en.wikipedia.org/wiki/Jyrki_J%C3%A4rvilehto
110,\N,Andrea,de Cesaris,1959-05-31,Italian,http://en.wikipedia.org/wiki/Andrea_de_Cesaris
111,\N,Jean-Marc,Gounon,1963-01-01,French,http://en.wikipedia.org/wiki/Jean-Marc_Gounon
112,\N,Philippe,Alliot,1954-07-27,French,http://en.wikipedia.org/wiki/Philippe_Alliot
113,\N,Philippe,Adams,1969-11-19,Belgian,http://en.wikipedia.org/wiki/Philippe_Adams
114,\N,Yannick,Dalmas,1961-07-28,French,http://en.wikipedia.org/wiki/Yannick_Dalmas
115,\N,Hideki,Noda,1969-03-07,Japanese,http://en.wikipedia.org/wiki/Hideki_Noda
116,\N,Franck,Lagorce,1968-09-01,French,http://en.wikipedia.org/wiki/Franck_Lagorce
117,\N,Alain,Prost,1955-02-24,French,http://en.wikipedia.org/wiki/Alain_Prost
118,\N,Derek,Warwick,1954-08-27,British,http://en.wikipedia.org/wiki/Derek_Warwick
119,\N,Riccardo,Patrese,1954-04-17,Italian,http://en.wikipedia.org/wiki/Riccardo_Patrese
120,\N,Fabrizio,Barbazza,1963-04-02,Italian,http://en.wikipedia.org/wiki/Fabrizio_Barbazza
121,\N,Michael,Andretti,1962-10-05,American,http://en.wikipedia.org/wiki/Michael_Andretti
122,\N,Ivan,Capelli,1963-05-24,Italian,http://en.wikipedia.org/wiki/Ivan_Capelli
123,\N,Thierry,Boutsen,1957-07-13,Belgian,http://en.wikipedia.org/wiki/Thierry_Boutsen
124,\N,Marco,Apicella,1965-10-07,Italian,http://en.wikipedia.org/wiki/Marco_Apicella
125,\N,Emanuele,Naspetti,1968-02-24,Italian,http://en.wikipedia.org/wiki/Emanuele_Naspetti
126,\N,Toshio,Suzuki,1955-03-10,Japanese,http://en.wikipedia.org/wiki/Toshio_Suzuki_(driver)
127,\N,Maur�cio,Gugelmin,1963-04-20,Brazilian,http://en.wikipedia.org/wiki/Maur%C3%ADcio_Gugelmin
128,\N,Eric,van de Poele,1961-09-30,Belgian,http://en.wikipedia.org/wiki/Eric_van_de_Poele
129,\N,Olivier,Grouillard,1958-09-02,French,http://en.wikipedia.org/wiki/Olivier_Grouillard
130,\N,Andrea,Chiesa,1964-05-06,Swiss,http://en.wikipedia.org/wiki/Andrea_Chiesa
131,\N,Stefano,Modena,1963-05-12,Italian,http://en.wikipedia.org/wiki/Stefano_Modena
132,\N,Giovanna,Amati,1959-07-20,Italian,http://en.wikipedia.org/wiki/Giovanna_Amati
133,\N,Alex,Caffi,1964-03-18,Italian,http://en.wikipedia.org/wiki/Alex_Caffi
134,\N,Enrico,Bertaggia,1964-09-19,Italian,http://en.wikipedia.org/wiki/Enrico_Bertaggia
135,\N,Perry,McCarthy,1961-03-03,British,http://en.wikipedia.org/wiki/Perry_McCarthy
136,\N,Jan,Lammers,1956-06-02,Dutch,http://en.wikipedia.org/wiki/Jan_Lammers
137,\N,Nelson,Piquet,1952-08-17,Brazilian,http://en.wikipedia.org/wiki/Nelson_Piquet
138,\N,Satoru,Nakajima,1953-02-23,Japanese,http://en.wikipedia.org/wiki/Satoru_Nakajima
139,\N,Emanuele,Pirro,1962-01-12,Italian,http://en.wikipedia.org/wiki/Emanuele_Pirro
140,\N,Stefan,Johansson,1956-09-08,Swedish,http://en.wikipedia.org/wiki/Stefan_Johansson
141,\N,Julian,Bailey,1961-10-09,British,http://en.wikipedia.org/wiki/Julian_Bailey
142,\N,Pedro,Chaves,1965-02-27,Portuguese,http://en.wikipedia.org/wiki/Pedro_Chaves
143,\N,Michael,Bartels,1968-03-08,German,http://en.wikipedia.org/wiki/Michael_Bartels
144,\N,Naoki,Hattori,1966-06-13,Japanese,http://en.wikipedia.org/wiki/Naoki_Hattori
145,\N,Alessandro,Nannini,1959-07-07,Italian,http://en.wikipedia.org/wiki/Alessandro_Nannini
146,\N,Bernd,Schneider,1964-07-20,German,http://en.wikipedia.org/wiki/Bernd_Schneider_(racecar_driver)
147,\N,Paolo,Barilla,1961-04-20,Italian,http://en.wikipedia.org/wiki/Paolo_Barilla
148,\N,Gregor,Foitek,1965-03-27,Swiss,http://en.wikipedia.org/wiki/Gregor_Foitek
149,\N,Claudio,Langes,1960-07-20,Italian,http://en.wikipedia.org/wiki/Claudio_Langes
150,\N,Gary,Brabham,1961-03-29,Australian,http://en.wikipedia.org/wiki/Gary_Brabham
151,\N,Martin,Donnelly,1964-03-26,British,http://en.wikipedia.org/wiki/Martin_Donnelly_(racing_driver)
152,\N,Bruno,Giacomelli,1952-09-10,Italian,http://en.wikipedia.org/wiki/Bruno_Giacomelli
153,ALG,Jaime,Alguersuari,1990-03-23,Spanish,http://en.wikipedia.org/wiki/Jaime_Alguersuari
154,GRO,Romain,Grosjean,1986-04-17,French,http://en.wikipedia.org/wiki/Romain_Grosjean
155,KOB,Kamui,Kobayashi,1986-09-13,Japanese,http://en.wikipedia.org/wiki/Kamui_Kobayashi
156,\N,Jonathan,Palmer,1956-11-07,British,http://en.wikipedia.org/wiki/Jonathan_Palmer
157,\N,Christian,Danner,1958-04-04,German,http://en.wikipedia.org/wiki/Christian_Danner
158,\N,Eddie,Cheever,1958-01-10,American,http://en.wikipedia.org/wiki/Eddie_Cheever
159,\N,Luis,P�rez-Sala,1959-05-15,Spanish,http://en.wikipedia.org/wiki/Luis_Perez-Sala
160,\N,Piercarlo,Ghinzani,1952-01-16,Italian,http://en.wikipedia.org/wiki/Piercarlo_Ghinzani
161,\N,Volker,Weidler,1962-03-18,German,http://en.wikipedia.org/wiki/Volker_Weidler
162,\N,Pierre-Henri,Raphanel,1961-05-27,French,http://en.wikipedia.org/wiki/Pierre-Henri_Raphanel
163,\N,Ren�,Arnoux,1948-07-04,French,http://en.wikipedia.org/wiki/Ren%C3%A9_Arnoux
164,\N,Joachim,Winkelhock,1960-10-24,German,http://en.wikipedia.org/wiki/Joachim_Winkelhock
165,\N,Oscar,Larrauri,1954-08-19,Argentine,http://en.wikipedia.org/wiki/Oscar_Larrauri
166,\N,Philippe,Streiff,1955-06-26,French,http://en.wikipedia.org/wiki/Philippe_Streiff
167,\N,Adri�n,Campos,1960-06-17,Spanish,http://en.wikipedia.org/wiki/Adri%C3%A1n_Campos
168,\N,Jean-Louis,Schlesser,1948-09-12,French,http://en.wikipedia.org/wiki/Jean-Louis_Schlesser
169,\N,Pascal,Fabre,1960-01-09,French,http://en.wikipedia.org/wiki/Pascal_Fabre
170,\N,Teo,Fabi,1955-03-09,Italian,http://en.wikipedia.org/wiki/Teo_Fabi
171,\N,Franco,Forini,1958-09-22,Swiss,http://en.wikipedia.org/wiki/Franco_Forini
172,\N,Jacques,Laffite,1943-11-21,French,http://en.wikipedia.org/wiki/Jacques_Laffite
173,\N,Elio,de Angelis,1958-03-26,Italian,http://en.wikipedia.org/wiki/Elio_de_Angelis
174,\N,Johnny,Dumfries,1958-04-26,British,http://en.wikipedia.org/wiki/Johnny_Dumfries
175,\N,Patrick,Tambay,1949-06-25,French,http://en.wikipedia.org/wiki/Patrick_Tambay
176,\N,Marc,Surer,1951-09-18,Swiss,http://en.wikipedia.org/wiki/Marc_Surer
177,\N,Keke,Rosberg,1948-12-06,Finnish,http://en.wikipedia.org/wiki/Keke_Rosberg
178,\N,Alan,Jones,1946-11-02,Australian,http://en.wikipedia.org/wiki/Alan_Jones_(Formula_1)
179,\N,Huub,Rothengatter,1954-10-08,Dutch,http://en.wikipedia.org/wiki/Huub_Rothengatter
180,\N,Allen,Berg,1961-08-01,Canadian,http://en.wikipedia.org/wiki/Allen_Berg
181,\N,Manfred,Winkelhock,1951-10-06,German,http://en.wikipedia.org/wiki/Manfred_Winkelhock
182,\N,Niki,Lauda,1949-02-22,Austrian,http://en.wikipedia.org/wiki/Niki_Lauda
183,\N,Fran�ois,Hesnault,1956-12-30,French,http://en.wikipedia.org/wiki/Fran%C3%A7ois_Hesnault
184,\N,Mauro,Baldi,1954-01-31,Italian,http://en.wikipedia.org/wiki/Mauro_Baldi
185,\N,Stefan,Bellof,1957-11-20,German,http://en.wikipedia.org/wiki/Stefan_Bellof
186,\N,Kenny,Acheson,1957-11-27,British,http://en.wikipedia.org/wiki/Kenny_Acheson
187,\N,John,Watson,1946-05-04,British,http://en.wikipedia.org/wiki/John_Watson_(racing_driver)
188,\N,Johnny,Cecotto,1956-01-25,Venezuelan,http://en.wikipedia.org/wiki/Johnny_Cecotto
189,\N,Jo,Gartner,1954-01-24,Austrian,http://en.wikipedia.org/wiki/Jo_Gartner
190,\N,Corrado,Fabi,1961-04-12,Italian,http://en.wikipedia.org/wiki/Corrado_Fabi
191,\N,Mike,Thackwell,1961-03-30,New Zealander,http://en.wikipedia.org/wiki/Mike_Thackwell
192,\N,Chico,Serra,1957-02-03,Brazilian,http://en.wikipedia.org/wiki/Chico_Serra
193,\N,Danny,Sullivan,1950-03-09,American,http://en.wikipedia.org/wiki/Danny_Sullivan
194,\N,Eliseo,Salazar,1954-11-14,Chilean,http://en.wikipedia.org/wiki/Eliseo_Salazar
195,\N,Roberto,Guerrero,1958-11-16,Colombian,http://en.wikipedia.org/wiki/Roberto_Guerrero
196,\N,Raul,Boesel,1957-12-04,Brazilian,http://en.wikipedia.org/wiki/Raul_Boesel
197,\N,Jean-Pierre,Jarier,1946-07-10,French,http://en.wikipedia.org/wiki/Jean-Pierre_Jarier
198,\N,Jacques,Villeneuve Sr.,1953-11-04,Canadian,http://en.wikipedia.org/wiki/Jacques_Villeneuve_(elder)
199,\N,Carlos,Reutemann,1942-04-12,Argentine,http://en.wikipedia.org/wiki/Carlos_Reutemann
200,\N,Jochen,Mass,1946-09-30,German,http://en.wikipedia.org/wiki/Jochen_Mass
201,\N,Slim,Borgudd,1946-11-25,Swedish,http://en.wikipedia.org/wiki/Slim_Borgudd
202,\N,Didier,Pironi,1952-03-26,French,http://en.wikipedia.org/wiki/Didier_Pironi
203,\N,Gilles,Villeneuve,1950-01-18,Canadian,http://en.wikipedia.org/wiki/Gilles_Villeneuve
204,\N,Riccardo,Paletti,1958-06-15,Italian,http://en.wikipedia.org/wiki/Riccardo_Paletti
205,\N,Brian,Henton,1946-09-19,British,http://en.wikipedia.org/wiki/Brian_Henton
206,\N,Derek,Daly,1953-03-11,Irish,http://en.wikipedia.org/wiki/Derek_Daly
207,\N,Mario,Andretti,1940-02-28,American,http://en.wikipedia.org/wiki/Mario_Andretti
208,\N,Emilio,de Villota,1946-07-26,Spanish,http://en.wikipedia.org/wiki/Emilio_de_Villota
209,\N,Geoff,Lees,1951-05-01,British,http://en.wikipedia.org/wiki/Geoff_Lees
210,\N,Tommy,Byrne,1958-05-06,Irish,http://en.wikipedia.org/wiki/Tommy_Byrne_%28racing_driver%29
211,\N,Rupert,Keegan,1955-02-26,British,http://en.wikipedia.org/wiki/Rupert_Keegan
212,\N,Hector,Rebaque,1956-02-05,Mexican,http://en.wikipedia.org/wiki/Hector_Rebaque
213,\N,Beppe,Gabbiani,1957-01-02,Italian,http://en.wikipedia.org/wiki/Beppe_Gabbiani
214,\N,Kevin,Cogan,1956-03-31,American,http://en.wikipedia.org/wiki/Kevin_Cogan
215,\N,Miguel Ángel,Guerra,1953-08-31,Argentine,http://en.wikipedia.org/wiki/Miguel_Angel_Guerra
216,\N,Siegfried,Stohr,1952-10-10,Italian,http://en.wikipedia.org/wiki/Siegfried_Stohr
217,\N,Ricardo,Zunino,1949-04-13,Argentine,http://en.wikipedia.org/wiki/Ricardo_Zunino
218,\N,Ricardo,Londo�o,1949-08-08,Colombian,http://en.wikipedia.org/wiki/Ricardo_Londo%C3%B1o
219,\N,Jean-Pierre,Jabouille,1942-10-01,French,http://en.wikipedia.org/wiki/Jean-Pierre_Jabouille
220,\N,Giorgio,Francia,1947-11-08,Italian,http://en.wikipedia.org/wiki/Giorgio_Francia
221,\N,Patrick,Depailler,1944-08-09,French,http://en.wikipedia.org/wiki/Patrick_Depailler
222,\N,Jody,Scheckter,1950-01-29,South African,http://en.wikipedia.org/wiki/Jody_Scheckter
223,\N,Clay,Regazzoni,1939-09-05,Swiss,http://en.wikipedia.org/wiki/Clay_Regazzoni
224,\N,Emerson,Fittipaldi,1946-12-12,Brazilian,http://en.wikipedia.org/wiki/Emerson_Fittipaldi
225,\N,Dave,Kennedy,1953-01-15,Irish,http://en.wikipedia.org/wiki/David_Kennedy_(racing_driver)
226,\N,Stephen,South,1952-02-19,British,http://en.wikipedia.org/wiki/Stephen_South
227,\N,Tiff,Needell,1951-10-29,British,http://en.wikipedia.org/wiki/Tiff_Needell
228,\N,Desir�,Wilson,1953-11-26,South African,http://en.wikipedia.org/wiki/Desir%C3%A9_Wilson
229,\N,Harald,Ertl,1948-08-31,Austrian,http://en.wikipedia.org/wiki/Harald_Ertl
230,\N,Vittorio,Brambilla,1937-11-11,Italian,http://en.wikipedia.org/wiki/Vittorio_Brambilla
231,\N,James,Hunt,1947-08-29,British,http://en.wikipedia.org/wiki/James_Hunt
232,\N,Arturo,Merzario,1943-03-11,Italian,http://en.wikipedia.org/wiki/Arturo_Merzario
233,\N,Hans-Joachim,Stuck,1951-01-01,German,http://en.wikipedia.org/wiki/Hans_Joachim_Stuck
234,\N,Gianfranco,Brancatelli,1950-01-18,Italian,http://en.wikipedia.org/wiki/Gianfranco_Brancatelli
235,\N,Jacky,Ickx,1945-01-01,Belgian,http://en.wikipedia.org/wiki/Jacky_Ickx
236,\N,Patrick,Gaillard,1952-02-12,French,http://en.wikipedia.org/wiki/Patrick_Gaillard
237,\N,Alex,Ribeiro,1948-11-07,Brazilian,http://en.wikipedia.org/wiki/Alex_Ribeiro
238,\N,Ronnie,Peterson,1944-02-14,Swedish,http://en.wikipedia.org/wiki/Ronnie_Peterson
239,\N,Brett,Lunger,1945-11-14,American,http://en.wikipedia.org/wiki/Brett_Lunger
240,\N,Danny,Ongais,1942-05-21,American,http://en.wikipedia.org/wiki/Danny_Ongais
241,\N,Lamberto,Leoni,1953-05-24,Italian,http://en.wikipedia.org/wiki/Lamberto_Leoni
242,\N,Divina,Galica,1944-08-13,British,http://en.wikipedia.org/wiki/Divina_Galica
243,\N,Rolf,Stommelen,1943-07-11,German,http://en.wikipedia.org/wiki/Rolf_Stommelen
244,\N,Alberto,Colombo,1946-02-23,Italian,http://en.wikipedia.org/wiki/Alberto_Colombo
245,\N,Tony,Trimmer,1943-01-24,British,http://en.wikipedia.org/wiki/Tony_Trimmer
246,\N,Hans,Binder,1948-06-12,Austrian,http://en.wikipedia.org/wiki/Hans_Binder
247,\N,Michael,Bleekemolen,1949-10-02,Dutch,http://en.wikipedia.org/wiki/Michael_Bleekemolen
248,\N,Carlo,Franchi,1938-01-01,Italian,http://en.wikipedia.org/wiki/Gimax
249,\N,Bobby,Rahal,1953-01-10,American,http://en.wikipedia.org/wiki/Bobby_Rahal
250,\N,Carlos,Pace,1944-10-06,Brazilian,http://en.wikipedia.org/wiki/Carlos_Pace
251,\N,Ian,Scheckter,1947-08-22,South African,http://en.wikipedia.org/wiki/Ian_Scheckter
252,\N,Tom,Pryce,1949-06-11,British,http://en.wikipedia.org/wiki/Tom_Pryce
253,\N,Ingo,Hoffmann,1953-02-28,Brazilian,http://en.wikipedia.org/wiki/Ingo_Hoffmann
254,\N,Renzo,Zorzi,1946-12-12,Italian,http://en.wikipedia.org/wiki/Renzo_Zorzi
255,\N,Gunnar,Nilsson,1948-11-20,Swedish,http://en.wikipedia.org/wiki/Gunnar_Nilsson
256,\N,Larry,Perkins,1950-03-18,Australian,http://en.wikipedia.org/wiki/Larry_Perkins
257,\N,Boy,Lunger,1949-05-03,Dutch,http://en.wikipedia.org/wiki/Boy_Hayje
258,\N,Patrick,N�ve,1949-10-13,Belgian,http://en.wikipedia.org/wiki/Patrick_Neve
259,\N,David,Purley,1945-01-26,British,http://en.wikipedia.org/wiki/David_Purley
260,\N,Conny,Andersson,1939-12-28,Swedish,http://en.wikipedia.org/wiki/Conny_Andersson_(racing_driver)
261,\N,Bernard,de Dryver,1952-09-19,Belgian,http://en.wikipedia.org/wiki/Bernard_de_Dryver
262,\N,Jackie,Oliver,1942-08-14,British,http://en.wikipedia.org/wiki/Jackie_Oliver
263,\N,Mikko,Kozarowitzky,1948-05-17,Finnish,http://en.wikipedia.org/wiki/Mikko_Kozarowitzky
264,\N,Andy,Sutcliffe,1947-05-09,British,http://en.wikipedia.org/wiki/Andy_Sutcliffe
265,\N,Guy,Edwards,1942-12-30,British,http://en.wikipedia.org/wiki/Guy_Edwards
266,\N,Brian,McGuire,1945-12-13,Australian,http://en.wikipedia.org/wiki/Brian_McGuire
267,\N,Vern,Schuppan,1943-03-19,Australian,http://en.wikipedia.org/wiki/Vern_Schuppan
268,\N,Hans,Heyer,1943-03-16,German,http://en.wikipedia.org/wiki/Hans_Heyer
269,\N,Teddy,Pilette,1942-07-26,Belgian,http://en.wikipedia.org/wiki/Teddy_Pilette
270,\N,Ian,Ashley,1947-10-26,British,http://en.wikipedia.org/wiki/Ian_Ashley
271,\N,Loris,Kessel,1950-04-01,Swiss,http://en.wikipedia.org/wiki/Loris_Kessel
272,\N,Kunimitsu,Takahashi,1940-01-29,Japanese,http://en.wikipedia.org/wiki/Kunimitsu_Takahashi
273,\N,Kazuyoshi,Hoshino,1947-07-01,Japanese,http://en.wikipedia.org/wiki/Kazuyoshi_Hoshino
274,\N,Noritake,Takahara,1951-06-06,Japanese,http://en.wikipedia.org/wiki/Noritake_Takahara
275,\N,Lella,Lombardi,1941-03-26,Italian,http://en.wikipedia.org/wiki/Lella_Lombardi
276,\N,Bob,Evans,1947-06-11,British,http://en.wikipedia.org/wiki/Bob_Evans_(race_driver)
277,\N,Michel,Lecl�re,1946-03-18,French,http://en.wikipedia.org/wiki/Michel_Lecl%C3%A8re
278,\N,Chris,Amon,1943-07-20,New Zealander,http://en.wikipedia.org/wiki/Chris_Amon
279,\N,Emilio,Zapico,1944-05-27,Spanish,http://en.wikipedia.org/wiki/Emilio_Zapico
280,\N,Henri,Pescarolo,1942-09-25,French,http://en.wikipedia.org/wiki/Henri_Pescarolo
281,\N,Jac,Nelleman,1944-04-19,Danish,http://en.wikipedia.org/wiki/Jac_Nelleman
282,\N,Damien,Magee,1945-11-17,British,http://en.wikipedia.org/wiki/Damien_Magee
283,\N,Mike,Wilds,1946-01-07,British,http://en.wikipedia.org/wiki/Mike_Wilds
284,\N,Alessandro,Pesenti-Rossi,1942-08-31,Italian,http://en.wikipedia.org/wiki/Alessandro_Pesenti-Rossi
285,\N,Otto,Stuppacher,1947-03-03,Austrian,http://en.wikipedia.org/wiki/Otto_Stuppacher
286,\N,Warwick,Brown,1949-12-24,Australian,http://en.wikipedia.org/wiki/Warwick_Brown
287,\N,Masahiro,Hasemi,1945-11-13,Japanese,http://en.wikipedia.org/wiki/Masahiro_Hasemi
288,\N,Mark,Donohue,1937-03-18,American,http://en.wikipedia.org/wiki/Mark_Donohue
289,\N,Graham,Hill,1929-02-15,British,http://en.wikipedia.org/wiki/Graham_Hill
290,\N,Wilson,Fittipaldi,1943-12-25,Brazilian,http://en.wikipedia.org/wiki/Wilson_Fittipaldi
291,\N,Guy,Tunmer,1948-12-01,South African,http://en.wikipedia.org/wiki/Guy_Tunmer
292,\N,Eddie,Keizan,1944-09-12,South African,http://en.wikipedia.org/wiki/Eddie_Keizan
293,\N,Dave,Charlton,1936-10-27,South African,http://en.wikipedia.org/wiki/Dave_Charlton
294,\N,Tony,Brise,1952-03-28,British,http://en.wikipedia.org/wiki/Tony_Brise
295,\N,Roelof,Wunderink,1948-12-12,Dutch,http://en.wikipedia.org/wiki/Roelof_Wunderink
296,\N,Fran�ois,Migault,1944-12-04,French,http://en.wikipedia.org/wiki/Fran%C3%A7ois_Migault
297,\N,Torsten,Palm,1947-07-23,Swedish,http://en.wikipedia.org/wiki/Torsten_Palm
298,\N,Gijs,van Lennep,1942-03-16,Dutch,http://en.wikipedia.org/wiki/Gijs_Van_Lennep
299,\N,Hiroshi,Fushida,1946-03-10,Japanese,http://en.wikipedia.org/wiki/Hiroshi_Fushida
300,\N,John,Nicholson,1941-10-06,New Zealander,http://en.wikipedia.org/wiki/John_Nicholson_(racing_driver)
301,\N,Dave,Morgan,1944-08-07,British,http://en.wikipedia.org/wiki/Dave_Morgan_(racing_driver)
302,\N,Jim,Crawford,1948-02-13,British,http://en.wikipedia.org/wiki/Jim_Crawford_(driver)
303,\N,Jo,Vonlanthen,1942-05-31,Swiss,http://en.wikipedia.org/wiki/Jo_Vonlanthen
304,\N,Denny,Hulme,1936-06-18,New Zealander,http://en.wikipedia.org/wiki/Denny_Hulme
305,\N,Mike,Hailwood,1940-04-02,British,http://en.wikipedia.org/wiki/Mike_Hailwood
306,\N,Jean-Pierre,Beltoise,1937-04-26,French,http://en.wikipedia.org/wiki/Jean-Pierre_Beltoise
307,\N,Howden,Ganley,1941-12-24,New Zealander,http://en.wikipedia.org/wiki/Howden_Ganley
308,\N,Richard,Robarts,1944-09-22,British,http://en.wikipedia.org/wiki/Richard_Robarts
309,\N,Peter,Revson,1939-02-27,American,http://en.wikipedia.org/wiki/Peter_Revson
310,\N,Paddy,Driver,1934-05-13,South African,http://en.wikipedia.org/wiki/Paddy_Driver
311,\N,Tom,Bels�,1942-08-27,Danish,http://en.wikipedia.org/wiki/Tom_Bels%C3%B8
312,\N,Brian,Redman,1937-03-09,British,http://en.wikipedia.org/wiki/Brian_Redman
313,\N,Rikky,von Opel,1947-10-14,Liechtensteiner,http://en.wikipedia.org/wiki/Rikky_von_Opel
314,\N,Tim,Schenken,1943-09-26,Australian,http://en.wikipedia.org/wiki/Tim_Schenken
315,\N,G�rard,Larrousse,1940-05-23,French,http://en.wikipedia.org/wiki/G%C3%A9rard_Larrousse
316,\N,Leo,Kinnunen,1943-08-05,Finnish,http://en.wikipedia.org/wiki/Leo_Kinnunen
317,\N,Reine,Wisell,1941-09-30,Swedish,http://en.wikipedia.org/wiki/Reine_Wisell
318,\N,Bertil,Roos,1943-10-12,Swedish,http://en.wikipedia.org/wiki/Bertil_Roos
319,\N,Jos�,Dolhem,1944-04-26,French,http://en.wikipedia.org/wiki/Jos%C3%A9_Dolhem
320,\N,Peter,Gethin,1940-02-21,British,http://en.wikipedia.org/wiki/Peter_Gethin
321,\N,Derek,Bell,1941-10-31,British,http://en.wikipedia.org/wiki/Derek_Bell_(auto_racer)
322,\N,David,Hobbs,1939-06-09,British,http://en.wikipedia.org/wiki/David_Hobbs_(racing_driver)
323,\N,Dieter,Quester,1939-05-30,Austrian,http://en.wikipedia.org/wiki/Dieter_Quester
324,\N,Helmuth,Koinigg,1948-11-03,Austrian,http://en.wikipedia.org/wiki/Helmuth_Koinigg
325,\N,Carlo,Facetti,1935-06-26,Italian,http://en.wikipedia.org/wiki/Carlo_Facetti
326,\N,Eppie,Wietzes,1938-05-28,Canadian,http://en.wikipedia.org/wiki/Eppie_Wietzes
327,\N,Fran�ois,Cevert,1944-02-25,French,http://en.wikipedia.org/wiki/Fran%C3%A7ois_Cevert
328,\N,Jackie,Stewart,1939-06-11,British,http://en.wikipedia.org/wiki/Jackie_Stewart
329,\N,Mike,Beuttler,1940-04-13,British,http://en.wikipedia.org/wiki/Mike_Beuttler
330,\N,Nanni,Galli,1940-10-02,Italian,http://en.wikipedia.org/wiki/Nanni_Galli
331,\N,Luiz,Bueno,1937-01-16,Brazilian,http://en.wikipedia.org/wiki/Luiz_Bueno
332,\N,George,Follmer,1934-01-27,American,http://en.wikipedia.org/wiki/George_Follmer
333,\N,Andrea,de Adamich,1941-10-03,Italian,http://en.wikipedia.org/wiki/Andrea_de_Adamich
334,\N,Jackie,Pretorius,1934-11-22,South African,http://en.wikipedia.org/wiki/Jackie_Pretorius
335,\N,Roger,Williamson,1948-02-02,British,http://en.wikipedia.org/wiki/Roger_Williamson
336,\N,Graham,McRae,1940-03-05,New Zealander,http://en.wikipedia.org/wiki/Graham_McRae
337,\N,Helmut,Marko,1943-04-27,Austrian,http://en.wikipedia.org/wiki/Helmut_Marko
338,\N,David,Walker,1941-06-10,Australian,http://en.wikipedia.org/wiki/David_Walker_(racing_driver)
339,\N,Alex,Soler-Roig,1932-10-29,Spanish,http://en.wikipedia.org/wiki/Alex_Soler-Roig
340,\N,John,Love,1924-12-07,Rhodesian,http://en.wikipedia.org/wiki/John_Love_(racing_driver)
341,\N,John,Surtees,1934-02-11,British,http://en.wikipedia.org/wiki/John_Surtees
342,\N,Skip,Barber,1936-11-16,American,http://en.wikipedia.org/wiki/Skip_Barber
343,\N,Bill,Brack,1935-12-26,Canadian,http://en.wikipedia.org/wiki/Bill_Brack
344,\N,Sam,Posey,1944-05-26,American,http://en.wikipedia.org/wiki/Sam_Posey
345,\N,Pedro,Rodr�guez,1940-01-18,Mexican,http://en.wikipedia.org/wiki/Pedro_Rodr%C3%ADguez_(racing_driver)
346,\N,Jo,Siffert,1936-07-07,Swiss,http://en.wikipedia.org/wiki/Jo_Siffert
347,\N,Jo,Bonnier,1930-01-31,Swedish,http://en.wikipedia.org/wiki/Joakim_Bonnier
348,\N,Fran�ois,Mazet,1943-02-24,French,http://en.wikipedia.org/wiki/Fran%C3%A7ois_Mazet
349,\N,Max,Jean,1943-07-27,French,http://en.wikipedia.org/wiki/Max_Jean
350,\N,Vic,Elford,1935-06-10,British,http://en.wikipedia.org/wiki/Vic_Elford
351,\N,Silvio,Moser,1941-04-24,Swiss,http://en.wikipedia.org/wiki/Silvio_Moser
352,\N,George,Eaton,1945-11-12,Canadian,http://en.wikipedia.org/wiki/George_Eaton
353,\N,Pete,Lovely,1926-04-11,American,http://en.wikipedia.org/wiki/Pete_Lovely
354,\N,Chris,Craft,1939-11-17,British,http://en.wikipedia.org/wiki/Chris_Craft_(racing_driver)
355,\N,John,Cannon,1933-06-21,Canadian,http://en.wikipedia.org/wiki/John_Cannon_(auto_racer)
356,\N,Jack,Brabham,1926-04-02,Australian,http://en.wikipedia.org/wiki/Jack_Brabham
357,\N,John,Miles,1943-06-14,British,http://en.wikipedia.org/wiki/John_Miles_(auto_racer)
358,\N,Jochen,Rindt,1942-04-18,Austrian,http://en.wikipedia.org/wiki/Jochen_Rindt
359,\N,Johnny,Servoz-Gavin,1942-01-18,French,http://en.wikipedia.org/wiki/Johnny_Servoz-Gavin
360,\N,Bruce,McLaren,1937-08-30,New Zealander,http://en.wikipedia.org/wiki/Bruce_McLaren
361,\N,Piers,Courage,1942-05-27,British,http://en.wikipedia.org/wiki/Piers_Courage
362,\N,Peter,de Klerk,1935-03-16,South African,http://en.wikipedia.org/wiki/Peter_de_Klerk
363,\N,Ignazio,Giunti,1941-08-30,Italian,http://en.wikipedia.org/wiki/Ignazio_Giunti
364,\N,Dan,Gurney,1931-04-13,American,http://en.wikipedia.org/wiki/Dan_Gurney
365,\N,Hubert,Hahne,1935-03-28,German,http://en.wikipedia.org/wiki/Hubert_Hahne
366,\N,Gus,Hutchison,1937-04-26,American,http://en.wikipedia.org/wiki/Gus_Hutchison
367,\N,Peter,Westbury,1938-05-26,British,http://en.wikipedia.org/wiki/Peter_Westbury
368,\N,Sam,Tingle,1921-08-24,Rhodesian,http://en.wikipedia.org/wiki/Sam_Tingle
369,\N,Basil,van Rooyen,1939-04-19,South African,http://en.wikipedia.org/wiki/Basil_van_Rooyen
370,\N,Richard,Attwood,1940-04-04,British,http://en.wikipedia.org/wiki/Richard_Attwood
371,\N,Al,Pease,1921-10-15,Canadian,http://en.wikipedia.org/wiki/Al_Pease
372,\N,John,Cordts,1935-07-23,Canadian,http://en.wikipedia.org/wiki/John_Cordts
373,\N,Jim,Clark,1936-03-04,British,http://en.wikipedia.org/wiki/Jim_Clark
374,\N,Mike,Spence,1936-12-30,British,http://en.wikipedia.org/wiki/Mike_Spence
375,\N,Ludovico,Scarfiotti,1933-10-18,Italian,http://en.wikipedia.org/wiki/Ludovico_Scarfiotti
376,BIA,Lucien,Bianchi,1934-11-10,Belgian,http://en.wikipedia.org/wiki/Lucien_Bianchi
377,\N,Jo,Schlesser,1928-05-18,French,http://en.wikipedia.org/wiki/Jo_Schlesser
378,\N,Robin,Widdows,1942-05-27,British,http://en.wikipedia.org/wiki/Robin_Widdows
379,\N,Kurt,Ahrens,1940-04-19,German,"http://en.wikipedia.org/wiki/Kurt_Ahrens,_Jr."
380,\N,Frank,Gardner,1930-10-01,Australian,http://en.wikipedia.org/wiki/Frank_Gardner_(driver)
381,\N,Bobby,Unser,1934-02-20,American,http://en.wikipedia.org/wiki/Bobby_Unser
382,\N,Mois�s,Solana,1935-12-26,Mexican,http://en.wikipedia.org/wiki/Mois%C3%A9s_Solana
383,\N,Bob,Anderson,1931-05-19,British,http://en.wikipedia.org/wiki/Bob_Anderson_(racing_driver)
384,\N,Luki,Botha,1930-01-16,South African,http://en.wikipedia.org/wiki/Luki_Botha
385,\N,Lorenzo,Bandini,1935-12-21,Italian,http://en.wikipedia.org/wiki/Lorenzo_Bandini
386,\N,Richie,Ginther,1930-08-05,American,http://en.wikipedia.org/wiki/Richie_Ginther
387,\N,Mike,Parkes,1931-09-24,British,http://en.wikipedia.org/wiki/Mike_Parkes
388,\N,Chris,Irwin,1942-06-27,British,http://en.wikipedia.org/wiki/Chris_Irwin
389,\N,Guy,Ligier,1930-07-12,French,http://en.wikipedia.org/wiki/Guy_Ligier
390,\N,Alan,Rees,1938-01-12,British,http://en.wikipedia.org/wiki/Alan_Rees_(racing_driver)
391,\N,Brian,Hart,1936-09-07,British,http://en.wikipedia.org/wiki/Brian_Hart
392,\N,Mike,Fisher,1943-03-13,American,http://en.wikipedia.org/wiki/Mike_Fisher_(driver)
393,\N,Tom,Jones,1943-04-26,American,http://en.wikipedia.org/wiki/Tom_Jones_(auto_racer)
394,\N,Giancarlo,Baghetti,1934-12-25,Italian,http://en.wikipedia.org/wiki/Giancarlo_Baghetti
395,\N,Jonathan,Williams,1942-10-26,British,http://en.wikipedia.org/wiki/Jonathan_Williams_(racing_driver)
396,\N,Bob,Bondurant,1933-04-27,American,http://en.wikipedia.org/wiki/Bob_Bondurant
397,\N,Peter,Arundell,1933-11-08,British,http://en.wikipedia.org/wiki/Peter_Arundell
398,\N,Vic,Wilson,1931-04-14,British,http://en.wikipedia.org/wiki/Vic_Wilson_(motor_racing_driver)
399,\N,John,Taylor,1933-03-23,British,http://en.wikipedia.org/wiki/John_Taylor_(racer)
400,\N,Chris,Lawrence,1933-07-27,British,http://en.wikipedia.org/wiki/Chris_Lawrence_(racing_driver)
401,\N,Trevor,Taylor,1936-12-26,British,http://en.wikipedia.org/wiki/Trevor_Taylor
402,\N,Giacomo,Russo,1937-10-23,Italian,http://en.wikipedia.org/wiki/Geki_(driver)
403,\N,Phil,Hill,1927-04-20,American,http://en.wikipedia.org/wiki/Phil_Hill
404,\N,Innes,Ireland,1930-06-12,British,http://en.wikipedia.org/wiki/Innes_Ireland
405,\N,Ronnie,Bucknum,1936-04-05,American,http://en.wikipedia.org/wiki/Ronnie_Bucknum
406,\N,Paul,Hawkins,1937-10-12,Australian,http://en.wikipedia.org/wiki/Paul_Hawkins_(racing_driver)
407,\N,David,Prophet,1937-10-09,British,http://en.wikipedia.org/wiki/David_Prophet
408,\N,Tony,Maggs,1937-02-09,South African,http://en.wikipedia.org/wiki/Tony_Maggs
409,\N,Trevor,Blokdyk,1935-11-30,South African,http://en.wikipedia.org/wiki/Trevor_Blokdyk
410,\N,Neville,Lederle,1938-09-25,South African,http://en.wikipedia.org/wiki/Neville_Lederle
411,\N,Doug,Serrurier,1920-12-09,South African,http://en.wikipedia.org/wiki/Doug_Serrurier
412,\N,Brausch,Niemann,1939-01-07,South African,http://en.wikipedia.org/wiki/Brausch_Niemann
413,\N,Ernie,Pieterse,1938-07-04,South African,http://en.wikipedia.org/wiki/Ernie_Pieterse
414,\N,Clive,Puzey,1941-07-11,Rhodesian,http://en.wikipedia.org/wiki/Clive_Puzey
415,\N,Ray,Reed,1932-04-30,South African,http://en.wikipedia.org/wiki/Ray_Reed
416,\N,David,Clapham,1931-05-18,South African,http://en.wikipedia.org/wiki/David_Clapham
417,\N,Alex,Blignaut,1932-11-30,South African,http://en.wikipedia.org/wiki/Alex_Blignaut
418,\N,Masten,Gregory,1932-02-29,American,http://en.wikipedia.org/wiki/Masten_Gregory
419,\N,John,Rhodes,1927-08-18,British,http://en.wikipedia.org/wiki/John_Rhodes_(driver)
420,\N,Ian,Raby,1921-09-22,British,http://en.wikipedia.org/wiki/Ian_Raby
421,\N,Alan,Rollinson,1943-05-15,British,http://en.wikipedia.org/wiki/Alan_Rollinson
422,\N,Brian,Gubby,1934-04-17,British,http://en.wikipedia.org/wiki/Brian_Gubby
423,\N,Gerhard,Mitter,1935-08-30,German,http://en.wikipedia.org/wiki/Gerhard_Mitter
424,\N,Roberto,Bussinello,1927-10-04,Italian,http://en.wikipedia.org/wiki/Roberto_Bussinello
425,\N,Nino,Vaccarella,1933-03-04,Italian,http://en.wikipedia.org/wiki/Nino_Vaccarella
426,\N,Giorgio,Bassi,1934-01-20,Italian,http://en.wikipedia.org/wiki/Giorgio_Bassi
427,\N,Maurice,Trintignant,1917-10-30,French,http://en.wikipedia.org/wiki/Maurice_Trintignant
428,\N,Bernard,Collomb,1930-10-07,French,http://en.wikipedia.org/wiki/Bernard_Collomb
429,\N,Andr�,Pilette,1918-10-06,Belgian,http://en.wikipedia.org/wiki/Andr%C3%A9_Pilette
430,\N,Carel Godin,de Beaufort,1934-04-10,Dutch,http://en.wikipedia.org/wiki/Carel_Godin_de_Beaufort
431,\N,Edgar,Barth,1917-01-26,German,http://en.wikipedia.org/wiki/Edgar_Barth
432,\N,M�rio de Ara�jo,Cabral,1934-01-15,Portuguese,http://en.wikipedia.org/wiki/Mario_de_Araujo_Cabral
433,\N,Walt,Hansgen,1919-10-28,American,http://en.wikipedia.org/wiki/Walt_Hansgen
434,\N,Hap,Sharp,1928-01-01,American,http://en.wikipedia.org/wiki/Hap_Sharp
435,\N,Willy,Mairesse,1928-10-01,Belgian,http://en.wikipedia.org/wiki/Willy_Mairesse
436,\N,John,Campbell-Jones,1930-01-21,British,http://en.wikipedia.org/wiki/John_Campbell-Jones
437,\N,Ian,Burgess,1930-07-06,British,http://en.wikipedia.org/wiki/Ian_Burgess
438,\N,Tony,Settember,1926-07-10,American,http://en.wikipedia.org/wiki/Tony_Settember
439,\N,Nasif,Estéfano,1932-11-18,Argentine,http://en.wikipedia.org/wiki/Nasif_Est%C3%A9fano
440,\N,Jim,Hall,1935-07-23,American,http://en.wikipedia.org/wiki/Jim_Hall_(race_car_driver)
441,\N,Tim,Parnell,1932-06-25,British,http://en.wikipedia.org/wiki/Tim_Parnell
442,\N,Kurt,Kuhnke,1910-04-30,German,http://en.wikipedia.org/wiki/Kurt_Kuhnke
443,\N,Ernesto,Brambilla,1934-01-31,Italian,http://en.wikipedia.org/wiki/Ernesto_Brambilla
444,\N,Roberto,Lippi,1926-10-17,Italian,http://en.wikipedia.org/wiki/Roberto_Lippi
445,\N,G�nther,Seiffert,1937-10-18,German,http://en.wikipedia.org/wiki/G%C3%BCnther_Seiffert
446,\N,Carlo,Abate,1932-07-10,Italian,http://en.wikipedia.org/wiki/Carlo_Mario_Abate
447,\N,Gaetano,Starrabba,1932-12-03,Italian,http://en.wikipedia.org/wiki/Gaetano_Starrabba
448,\N,Peter,Broeker,1926-05-15,Canadian,http://en.wikipedia.org/wiki/Peter_Broeker
449,\N,Rodger,Ward,1921-01-10,American,http://en.wikipedia.org/wiki/Rodger_Ward
450,\N,Ernie,de Vos,1941-07-01,Dutch,http://en.wikipedia.org/wiki/Ernie_de_Vos
451,\N,Frank,Dochnal,1920-10-08,American,http://en.wikipedia.org/wiki/Frank_Dochnal
452,\N,Thomas,Monarch,1945-09-03,American,http://en.wikipedia.org/wiki/Talk:1963_Mexican_Grand_Prix#Who_was_Thomas_Monarch.3F
842,GAS,Pierre,Gasly,1996-02-07,French,http://en.wikipedia.org/wiki/Pierre_Gasly
453,\N,Jackie,Lewis,1936-11-01,British,http://en.wikipedia.org/wiki/Jackie_Lewis
454,\N,Ricardo,Rodríguez,1942-02-14,Mexican,http://en.wikipedia.org/wiki/Ricardo_Rodr%C3%ADguez_(Formula_One)
455,\N,Wolfgang,Seidel,1926-07-04,German,http://en.wikipedia.org/wiki/Wolfgang_Seidel
456,\N,Roy,Salvadori,1922-05-12,British,http://en.wikipedia.org/wiki/Roy_Salvadori
457,\N,Ben,Pon,1936-12-09,Dutch,http://en.wikipedia.org/wiki/Ben_Pon
458,\N,Rob,Slotemaker,1929-06-13,Dutch,http://en.wikipedia.org/wiki/Rob_Slotemaker
459,\N,Tony,Marsh,1931-07-20,British,http://en.wikipedia.org/wiki/Tony_Marsh_(racing_driver)
460,\N,Gerry,Ashmore,1936-07-25,British,http://en.wikipedia.org/wiki/Gerry_Ashmore
461,\N,Heinz,Schiller,1930-01-25,Swiss,http://en.wikipedia.org/wiki/Heinz_Schiller
462,\N,Colin,Davis,1933-07-29,British,http://en.wikipedia.org/wiki/Colin_Davis_(driver)
463,\N,Jay,Chamberlain,1925-12-29,American,http://en.wikipedia.org/wiki/Jay_Chamberlain
464,\N,Tony,Shelly,1937-02-02,New Zealander,http://en.wikipedia.org/wiki/Tony_Shelly
465,\N,Keith,Greene,1938-01-05,British,http://en.wikipedia.org/wiki/Keith_Greene
466,\N,Heini,Walter,1927-07-28,Swiss,http://en.wikipedia.org/wiki/Heini_Walter
467,\N,Ernesto,Prinoth,1923-04-15,Italian,http://en.wikipedia.org/wiki/Ernesto_Prinoth
468,\N,Roger,Penske,1937-02-20,American,http://en.wikipedia.org/wiki/Roger_Penske
469,\N,Rob,Schroeder,1926-05-11,British,http://en.wikipedia.org/wiki/Rob_Schroeder
470,\N,Timmy,Mayer,1938-02-22,American,http://en.wikipedia.org/wiki/Timmy_Mayer
471,\N,Bruce,Johnstone,1937-01-30,South African,http://en.wikipedia.org/wiki/Bruce_Johnstone_(racing_driver)
472,\N,Mike,Harris,1939-05-25,South African,http://en.wikipedia.org/wiki/Mike_Harris_(race_car_driver)
473,\N,Gary,Hocking,1937-09-30,Rhodesian,http://en.wikipedia.org/wiki/Gary_Hocking
474,\N,Syd,van der Vyver,1920-06-01,South African,http://en.wikipedia.org/wiki/Syd_van_der_Vyver
475,\N,Stirling,Moss,1929-09-17,British,http://en.wikipedia.org/wiki/Stirling_Moss
476,\N,Wolfgang,von Trips,1928-05-04,German,http://en.wikipedia.org/wiki/Wolfgang_Graf_Berghe_von_Trips
477,\N,Cliff,Allison,1932-02-08,British,http://en.wikipedia.org/wiki/Cliff_Allison
478,\N,Hans,Herrmann,1928-02-23,German,http://en.wikipedia.org/wiki/Hans_Herrmann
479,\N,Tony,Brooks,1932-02-25,British,http://en.wikipedia.org/wiki/Tony_Brooks
480,\N,Michael,May,1934-08-18,Swiss,http://en.wikipedia.org/wiki/Michael_May_(racing_driver)
481,\N,Henry,Taylor,1932-12-16,British,http://en.wikipedia.org/wiki/Henry_Taylor_(racing_driver)
482,\N,Olivier,Gendebien,1924-01-12,Belgian,http://en.wikipedia.org/wiki/Olivier_Gendebien
483,\N,Giorgio,Scarlatti,1921-10-02,Italian,http://en.wikipedia.org/wiki/Giorgio_Scarlatti
484,\N,Brian,Naylor,1923-03-24,British,http://en.wikipedia.org/wiki/Brian_Naylor
485,\N,Juan Manuel,Bordeu,1934-01-28,Argentine,http://en.wikipedia.org/wiki/Juan_Manuel_Bordeu
486,\N,Jack,Fairman,1913-03-15,British,http://en.wikipedia.org/wiki/Jack_Fairman
487,\N,Massimo,Natili,1935-07-28,Italian,http://en.wikipedia.org/wiki/Massimo_Natili
488,\N,Peter,Monteverdi,1934-06-07,Swiss,http://en.wikipedia.org/wiki/Peter_Monteverdi
489,\N,Renato,Pirocchi,1933-03-26,Italian,http://en.wikipedia.org/wiki/Renato_Pirocchi
490,\N,Geoff,Duke,1923-03-29,British,http://en.wikipedia.org/wiki/Geoff_Duke
491,\N,Alfonso,Thiele,1920-04-05,American-Italian,http://en.wikipedia.org/wiki/Alfonso_Thiele
492,\N,Menato,Boffa,1930-01-04,Italian,http://en.wikipedia.org/wiki/Menato_Boffa
493,\N,Peter,Ryan,1940-06-10,Canadian,http://en.wikipedia.org/wiki/Peter_Ryan_(driver)
494,\N,Lloyd,Ruby,1928-01-12,American,http://en.wikipedia.org/wiki/Lloyd_Ruby
495,\N,Ken,Miles,1918-11-01,British,http://en.wikipedia.org/wiki/Ken_Miles
496,\N,Carlos,Menditeguy,1914-08-10,Argentine,http://en.wikipedia.org/wiki/Carlos_Menditeguy
497,\N,Alberto Rodriguez,Larreta,1934-01-14,Argentine,http://en.wikipedia.org/wiki/Alberto_Rodriguez_Larreta
498,\N,Jose-Froilan,Gonzalez,1922-10-05,Argentine,http://en.wikipedia.org/wiki/Jos%C3%A9_Froil%C3%A1n_Gonz%C3%A1lez
499,\N,Roberto,Bonomi,1919-09-30,Argentine,http://en.wikipedia.org/wiki/Roberto_Bonomi
500,\N,Gino,Munaron,1928-04-02,Italian,http://en.wikipedia.org/wiki/Gino_Munaron
501,\N,Harry,Schell,1921-06-29,American,http://en.wikipedia.org/wiki/Harry_Schell
502,\N,Alan,Stacey,1933-08-29,British,http://en.wikipedia.org/wiki/Alan_Stacey
503,\N,Ettore,Chimeri,1921-06-04,Venezuelan,http://en.wikipedia.org/wiki/Ettore_Chimeri
504,\N,Antonio,Creus,1924-10-28,Spanish,http://en.wikipedia.org/wiki/Antonio_Creus
505,\N,Chris,Bristow,1937-12-02,British,http://en.wikipedia.org/wiki/Chris_Bristow
506,\N,Bruce,Halford,1931-05-18,British,http://en.wikipedia.org/wiki/Bruce_Halford
507,\N,Chuck,Daigh,1923-11-29,American,http://en.wikipedia.org/wiki/Chuck_Daigh
508,\N,Lance,Reventlow,1936-02-24,American,http://en.wikipedia.org/wiki/Lance_Reventlow
509,\N,Jim,Rathmann,1928-07-16,American,http://en.wikipedia.org/wiki/Jim_Rathmann
510,\N,Paul,Goldsmith,1925-10-02,American,http://en.wikipedia.org/wiki/Paul_Goldsmith
511,\N,Don,Branson,1920-06-02,American,http://en.wikipedia.org/wiki/Don_Branson
512,\N,Johnny,Thomson,1922-04-09,American,http://en.wikipedia.org/wiki/Johnny_Thomson
513,\N,Eddie,Johnson,1919-02-10,American,http://en.wikipedia.org/wiki/Eddie_Johnson_(auto_racer)
514,\N,Bob,Veith,1926-11-01,American,http://en.wikipedia.org/wiki/Bob_Veith
515,\N,Bud,Tingelstad,1928-04-04,American,http://en.wikipedia.org/wiki/Bud_Tingelstad
516,\N,Bob,Christie,1924-04-04,American,http://en.wikipedia.org/wiki/Bob_Christie_(racing_driver)
517,\N,Red,Amick,1929-01-19,American,http://en.wikipedia.org/wiki/Red_Amick
518,\N,Duane,Carter,1913-05-05,American,http://en.wikipedia.org/wiki/Duane_Carter
519,\N,Bill,Homeier,1918-08-31,American,http://en.wikipedia.org/wiki/Bill_Homeier
520,\N,Gene,Hartley,1926-01-28,American,http://en.wikipedia.org/wiki/Gene_Hartley
521,\N,Chuck,Stevenson,1919-10-15,American,http://en.wikipedia.org/wiki/Chuck_Stevenson
522,\N,Bobby,Grim,1924-09-04,American,http://en.wikipedia.org/wiki/Bobby_Grim
523,\N,Shorty,Templeman,1919-08-12,American,http://en.wikipedia.org/wiki/Shorty_Templeman
524,\N,Jim,Hurtubise,1932-12-05,American,http://en.wikipedia.org/wiki/Jim_Hurtubise
525,\N,Jimmy,Bryan,1926-01-28,American,http://en.wikipedia.org/wiki/Jimmy_Bryan
526,\N,Troy,Ruttman,1930-03-11,American,http://en.wikipedia.org/wiki/Troy_Ruttman
527,\N,Eddie,Sachs,1927-05-28,American,http://en.wikipedia.org/wiki/Eddie_Sachs
528,\N,Don,Freeland,1925-03-25,American,http://en.wikipedia.org/wiki/Don_Freeland
529,\N,Tony,Bettenhausen,1916-09-12,American,http://en.wikipedia.org/wiki/Tony_Bettenhausen
530,\N,Wayne,Weiler,1934-12-09,American,http://en.wikipedia.org/wiki/Wayne_Weiler
531,\N,Anthony,Foyt,1935-01-16,American,http://en.wikipedia.org/wiki/A.J._Foyt
532,\N,Eddie,Russo,1925-11-19,American,http://en.wikipedia.org/wiki/Eddie_Russo
533,\N,Johnny,Boyd,1926-08-19,American,http://en.wikipedia.org/wiki/Johnny_Boyd
534,\N,Gene,Force,1916-06-15,American,http://en.wikipedia.org/wiki/Gene_Force
535,\N,Jim,McWithey,1927-07-04,American,http://en.wikipedia.org/wiki/Jim_McWithey
536,\N,Len,Sutton,1925-08-09,American,http://en.wikipedia.org/wiki/Len_Sutton
537,\N,Dick,Rathmann,1924-01-06,American,http://en.wikipedia.org/wiki/Dick_Rathmann
538,\N,Al,Herman,1927-03-15,American,http://en.wikipedia.org/wiki/Al_Herman
539,\N,Dempsey,Wilson,1927-03-11,American,http://en.wikipedia.org/wiki/Dempsey_Wilson
540,\N,Mike,Taylor,1934-04-24,British,http://en.wikipedia.org/wiki/Mike_Taylor_(driver)
541,\N,Ron,Flockhart,1923-06-16,British,http://en.wikipedia.org/wiki/Ron_Flockhart_(auto_racing)
542,\N,David,Piper,1930-12-02,British,http://en.wikipedia.org/wiki/David_Piper
543,\N,Giulio,Cabianca,1923-02-19,Italian,http://en.wikipedia.org/wiki/Giulio_Cabianca
544,\N,Piero,Drogo,1926-08-08,Italian,http://en.wikipedia.org/wiki/Piero_Drogo
545,\N,Fred,Gamble,1932-03-17,American,http://en.wikipedia.org/wiki/Fred_Gamble_(racing_driver)
546,\N,Arthur,Owen,1915-03-23,British,http://en.wikipedia.org/wiki/Arthur_Owen
547,\N,Horace,Gould,1918-09-20,British,http://en.wikipedia.org/wiki/Horace_Gould
548,\N,Bob,Drake,1919-12-14,American,http://en.wikipedia.org/wiki/Bob_Drake_(Formula_One)
549,\N,Ivor,Bueb,1923-06-06,British,http://en.wikipedia.org/wiki/Ivor_Bueb
550,\N,Alain,de Changy,1922-02-05,Belgian,http://en.wikipedia.org/wiki/Alain_de_Changy
551,\N,Maria,de Filippis,1926-11-11,Italian,http://en.wikipedia.org/wiki/Maria_Teresa_de_Filippis
552,\N,Jean,Lucienbonnet,1923-01-07,French,http://en.wikipedia.org/wiki/Jean_Lucienbonnet
553,\N,Andr�,Testut,1926-04-13,Monegasque,http://en.wikipedia.org/wiki/Andr%C3%A9_Testut
554,\N,Jean,Behra,1921-02-16,French,http://en.wikipedia.org/wiki/Jean_Behra
555,\N,Paul,Russo,1914-04-10,American,http://en.wikipedia.org/wiki/Paul_Russo
556,\N,Jimmy,Daywalt,1924-08-28,American,http://en.wikipedia.org/wiki/Jimmy_Daywalt
557,\N,Chuck,Arnold,1926-05-30,American,http://en.wikipedia.org/wiki/Chuck_Arnold
558,\N,Al,Keller,1920-04-11,American,http://en.wikipedia.org/wiki/Al_Keller
559,\N,Pat,Flaherty,1926-01-06,American,http://en.wikipedia.org/wiki/Pat_Flaherty_(racing_driver)
560,\N,Bill,Cheesbourg,1927-06-12,American,http://en.wikipedia.org/wiki/Bill_Cheesbourg
561,\N,Ray,Crawford,1915-10-26,American,http://en.wikipedia.org/wiki/Ray_Crawford
562,\N,Jack,Turner,1920-02-12,American,http://en.wikipedia.org/wiki/Jack_Turner_(driver)
563,\N,Chuck,Weyant,1923-04-03,American,http://en.wikipedia.org/wiki/Chuck_Weyant
564,\N,Jud,Larson,1923-01-21,American,http://en.wikipedia.org/wiki/Jud_Larson
565,\N,Mike,Magill,1920-02-08,American,http://en.wikipedia.org/wiki/Mike_Magill
566,\N,Carroll,Shelby,1923-01-11,American,http://en.wikipedia.org/wiki/Carroll_Shelby
567,\N,Fritz,d'Orey,1938-03-25,Brazilian,http://en.wikipedia.org/wiki/Fritz_d%27Orey
568,\N,Azdrubal,Fontes,1922-12-26,Uruguayan,http://en.wikipedia.org/wiki/Azdrubal_Fontes
569,\N,Peter,Ashdown,1934-10-16,British,http://en.wikipedia.org/wiki/Peter_Ashdown
570,\N,Bill,Moss,1933-09-04,British,http://en.wikipedia.org/wiki/Bill_Moss_(racing_driver)
571,\N,Dennis,Taylor,1921-06-12,British,http://en.wikipedia.org/wiki/Dennis_Taylor_(racing_driver)
572,\N,Harry,Blanchard,1929-06-13,American,http://en.wikipedia.org/wiki/Harry_Blanchard
573,\N,Alessandro,de Tomaso,1928-07-10,Argentine-Italian,http://en.wikipedia.org/wiki/Alessandro_de_Tomaso
574,\N,George,Constantine,1918-02-22,American,http://en.wikipedia.org/wiki/George_Constantine
575,\N,Bob,Said,1932-05-05,American,http://en.wikipedia.org/wiki/Bob_Said
576,\N,Phil,Cade,1916-06-12,American,http://en.wikipedia.org/wiki/Phil_Cade
577,\N,Luigi,Musso,1924-07-28,Italian,http://en.wikipedia.org/wiki/Luigi_Musso
578,\N,Mike,Hawthorn,1929-04-10,British,http://en.wikipedia.org/wiki/Mike_Hawthorn
579,\N,Juan,Fangio,1911-06-24,Argentine,http://en.wikipedia.org/wiki/Juan_Manuel_Fangio
580,\N,Paco,Godia,1921-03-21,Spanish,http://en.wikipedia.org/wiki/Paco_Godia
581,\N,Peter,Collins,1931-11-06,British,http://en.wikipedia.org/wiki/Peter_Collins_(racing_driver)
582,\N,Ken,Kavanagh,1923-12-12,Australian,http://en.wikipedia.org/wiki/Ken_Kavanagh
583,\N,Gerino,Gerini,1928-08-10,Italian,http://en.wikipedia.org/wiki/Gerino_Gerini_(racing_driver)
584,\N,Bruce,Kessler,1936-03-23,American,http://en.wikipedia.org/wiki/Bruce_Kessler
585,\N,Paul,Emery,1916-11-12,British,http://en.wikipedia.org/wiki/Paul_Emery
586,\N,Luigi,Piotti,1913-10-27,Italian,http://en.wikipedia.org/wiki/Luigi_Piotti
587,\N,Bernie,Ecclestone,1930-10-28,British,http://en.wikipedia.org/wiki/Bernie_Ecclestone
588,\N,Luigi,Taramazzo,1932-05-05,Italian,http://en.wikipedia.org/wiki/Luigi_Taramazzo
589,\N,Louis,Chiron,3/8/1899,Monegasque,http://en.wikipedia.org/wiki/Louis_Chiron
590,\N,Stuart,Lewis-Evans,1930-04-20,British,http://en.wikipedia.org/wiki/Stuart_Lewis-Evans
591,\N,George,Amick,1924-10-24,American,http://en.wikipedia.org/wiki/George_Amick
592,\N,Jimmy,Reece,1929-11-17,American,http://en.wikipedia.org/wiki/Jimmy_Reece
593,\N,Johnnie,Parsons,1918-07-04,American,http://en.wikipedia.org/wiki/Johnnie_Parsons
594,\N,Johnnie,Tolan,1917-10-22,American,http://en.wikipedia.org/wiki/Johnnie_Tolan
595,\N,Billy,Garrett,1933-04-24,American,http://en.wikipedia.org/wiki/Billy_Garrett
596,\N,Ed,Elisian,1926-12-09,American,http://en.wikipedia.org/wiki/Ed_Elisian
597,\N,Pat,O'Connor,1928-10-09,American,http://en.wikipedia.org/wiki/Pat_O%27Connor_(auto_racer)
598,\N,Jerry,Unser,1932-11-15,American,http://en.wikipedia.org/wiki/Jerry_Unser
599,\N,Art,Bisch,1926-11-10,American,http://en.wikipedia.org/wiki/Art_Bisch
600,\N,Christian,Goethals,1928-08-04,Belgian,http://en.wikipedia.org/wiki/Christian_Goethals
601,\N,Dick,Gibson,1918-04-16,British,http://en.wikipedia.org/wiki/Dick_Gibson
602,\N,Robert,La Caze,1917-02-26,French,http://en.wikipedia.org/wiki/Robert_La_Caze
603,\N,Andr�,Guelfi,1919-05-06,French,http://en.wikipedia.org/wiki/Andr%C3%A9_Guelfi
604,\N,Francois,Picard,1921-04-26,French,http://en.wikipedia.org/wiki/Fran%C3%A7ois_Picard
605,\N,Tom,Bridger,1934-06-24,British,http://en.wikipedia.org/wiki/Tom_Bridger
606,\N,Alfonso,de Portago,1928-10-11,Spanish,http://en.wikipedia.org/wiki/Alfonso_de_Portago
607,\N,Cesare,Perdisa,1932-10-21,Italian,http://en.wikipedia.org/wiki/Cesare_Perdisa
608,\N,Eugenio,Castellotti,1930-10-10,Italian,http://en.wikipedia.org/wiki/Eugenio_Castellotti
609,\N,Andr�,Simon,1920-01-05,French,http://en.wikipedia.org/wiki/Andr%C3%A9_Simon_(racing_driver)
610,\N,Les,Leston,1920-12-16,British,http://en.wikipedia.org/wiki/Les_Leston
611,\N,Sam,Hanks,1914-07-13,American,http://en.wikipedia.org/wiki/Sam_Hanks
612,\N,Andy,Linden,1922-04-05,American,http://en.wikipedia.org/wiki/Andy_Linden_(racing_driver)
613,\N,Marshall,Teague,1921-02-22,American,http://en.wikipedia.org/wiki/Marshall_Teague_(racing_driver)
614,\N,Don,Edmunds,1930-09-23,American,http://en.wikipedia.org/wiki/Don_Edmunds
615,\N,Fred,Agabashian,1913-08-21,American,http://en.wikipedia.org/wiki/Fred_Agabashian
616,\N,Elmer,George,1928-07-15,American,http://en.wikipedia.org/wiki/Elmer_George
617,\N,Mike,MacDowel,1932-09-13,British,http://en.wikipedia.org/wiki/Mike_MacDowel
618,\N,Herbert,MacKay-Fraser,1927-06-23,American,http://en.wikipedia.org/wiki/Herbert_MacKay-Fraser
619,\N,Bob,Gerard,1914-01-19,British,http://en.wikipedia.org/wiki/Bob_Gerard
620,\N,Umberto,Maglioli,1928-06-05,Italian,http://en.wikipedia.org/wiki/Umberto_Maglioli
621,\N,Paul,England,1929-03-28,Australian,http://en.wikipedia.org/wiki/Paul_England
622,\N,Chico,Landi,1907-07-14,Brazilian,http://en.wikipedia.org/wiki/Chico_Landi
623,\N,Alberto,Uria,1924-07-11,Uruguayan,http://en.wikipedia.org/wiki/Alberto_Uria
624,\N,Hernando,da Silva Ramos,1925-12-07,Brazilian,http://en.wikipedia.org/wiki/Hernando_da_Silva_Ramos
625,\N,�lie,Bayol,1914-02-28,French,http://en.wikipedia.org/wiki/%C3%89lie_Bayol
626,\N,Robert,Manzon,1917-04-12,French,http://en.wikipedia.org/wiki/Robert_Manzon
627,\N,Louis,Rosier,1905-11-05,French,http://en.wikipedia.org/wiki/Louis_Rosier
628,\N,Bob,Sweikert,1926-05-20,American,http://en.wikipedia.org/wiki/Bob_Sweikert
629,\N,Cliff,Griffith,1916-02-06,American,http://en.wikipedia.org/wiki/Cliff_Griffith
630,\N,Duke,Dinsmore,1913-04-10,American,http://en.wikipedia.org/wiki/Duke_Dinsmore
631,\N,Keith,Andrews,1920-06-15,American,http://en.wikipedia.org/wiki/Keith_Andrews_(driver)
632,\N,Paul,Fr�re,1917-01-30,Belgian,http://en.wikipedia.org/wiki/Paul_Fr%C3%A8re
633,\N,Luigi,Villoresi,1909-05-16,Italian,http://en.wikipedia.org/wiki/Luigi_Villoresi
634,\N,Piero,Scotti,1909-11-11,Italian,http://en.wikipedia.org/wiki/Piero_Scotti
635,\N,Colin,Chapman,1928-05-19,British,http://en.wikipedia.org/wiki/Colin_Chapman
636,\N,Desmond,Titterington,1928-05-01,British,http://en.wikipedia.org/wiki/Desmond_Titterington
637,\N,Archie,Scott Brown,1927-05-13,British,http://en.wikipedia.org/wiki/Archie_Scott_Brown
638,\N,Ottorino,Volonterio,1917-12-07,Swiss,http://en.wikipedia.org/wiki/Ottorino_Volonterio
639,\N,Andr�,Milhoux,1928-12-09,Belgian,http://en.wikipedia.org/wiki/Andr%C3%A9_Milhoux
640,\N,Toulo,de Graffenried,1914-05-18,Swiss,http://en.wikipedia.org/wiki/Toulo_de_Graffenried
641,\N,Piero,Taruffi,1906-10-12,Italian,http://en.wikipedia.org/wiki/Piero_Taruffi
642,\N,Nino,Farina,1906-10-30,Italian,http://en.wikipedia.org/wiki/Nino_Farina
643,\N,Roberto,Mieres,1924-12-03,Argentine,http://en.wikipedia.org/wiki/Roberto_Mieres
644,\N,Sergio,Mantovani,1929-05-22,Italian,http://en.wikipedia.org/wiki/Sergio_Mantovani
645,\N,Clemar,Bucci,1920-09-04,Argentine,http://en.wikipedia.org/wiki/Clemar_Bucci
646,\N,Jes�s,Iglesias,1922-02-22,Argentine,http://en.wikipedia.org/wiki/Jes%C3%BAs_Iglesias
647,\N,Alberto,Ascari,1918-07-13,Italian,http://en.wikipedia.org/wiki/Alberto_Ascari
648,\N,Karl,Kling,1910-09-16,German,http://en.wikipedia.org/wiki/Karl_Kling
649,\N,Pablo,Birger,1924-01-07,Argentine,http://en.wikipedia.org/wiki/Pablo_Birger
650,\N,Jacques,Pollet,1922-07-02,French,http://en.wikipedia.org/wiki/Jacques_Pollet
651,\N,Lance,Macklin,1919-09-02,British,http://en.wikipedia.org/wiki/Lance_Macklin
652,\N,Ted,Whiteaway,1928-11-01,British,http://en.wikipedia.org/wiki/Ted_Whiteaway
653,\N,Jimmy,Davies,1929-08-08,American,http://en.wikipedia.org/wiki/Jimmy_Davies
654,\N,Walt,Faulkner,1920-02-16,American,http://en.wikipedia.org/wiki/Walt_Faulkner
655,\N,Cal,Niday,1914-04-29,American,http://en.wikipedia.org/wiki/Cal_Niday
656,\N,Art,Cross,1918-01-24,American,http://en.wikipedia.org/wiki/Art_Cross
657,\N,Bill,Vukovich,1918-12-13,American,http://en.wikipedia.org/wiki/Bill_Vukovich
658,\N,Jack,McGrath,1919-10-08,American,http://en.wikipedia.org/wiki/Jack_McGrath_(racing_driver)
659,\N,Jerry,Hoyt,1929-01-29,American,http://en.wikipedia.org/wiki/Jerry_Hoyt
660,\N,Johnny,Claes,1916-08-11,Belgian,http://en.wikipedia.org/wiki/Johnny_Claes
661,\N,Peter,Walker,1912-10-07,British,http://en.wikipedia.org/wiki/Peter_Walker_(driver)
662,\N,Mike,Sparken,1930-06-16,French,http://en.wikipedia.org/wiki/Mike_Sparken
663,\N,Ken,Wharton,1916-03-21,British,http://en.wikipedia.org/wiki/Ken_Wharton
664,\N,Kenneth,McAlpine,1920-09-21,British,http://en.wikipedia.org/wiki/Kenneth_McAlpine
665,\N,Leslie,Marr,1922-08-14,British,http://en.wikipedia.org/wiki/Leslie_Marr
666,\N,Tony,Rolt,1918-10-16,British,http://en.wikipedia.org/wiki/Tony_Rolt
667,\N,John,Fitch,1917-08-04,American,http://en.wikipedia.org/wiki/John_Fitch_(driver)
668,\N,Jean,Lucas,1917-04-25,French,http://en.wikipedia.org/wiki/Jean_Lucas
669,\N,Prince,Bira,1914-07-15,Thai,http://en.wikipedia.org/wiki/Prince_Bira
670,\N,Onofre,Marim�n,1923-12-19,Argentine,http://en.wikipedia.org/wiki/Onofre_Marim%C3%B3n
671,\N,Roger,Loyer,1907-08-05,French,http://en.wikipedia.org/wiki/Roger_Loyer
672,\N,Jorge,Daponte,1923-06-05,Argentine,http://en.wikipedia.org/wiki/Jorge_Daponte
673,\N,Mike,Nazaruk,1921-10-02,American,http://en.wikipedia.org/wiki/Mike_Nazaruk
674,\N,Larry,Crockett,1926-10-23,American,http://en.wikipedia.org/wiki/Larry_Crockett
675,\N,Manny,Ayulo,1921-10-20,American,http://en.wikipedia.org/wiki/Manny_Ayulo
676,\N,Frank,Armi,1918-10-12,American,http://en.wikipedia.org/wiki/Frank_Armi
677,\N,Travis,Webb,1910-10-08,American,http://en.wikipedia.org/wiki/Travis_Webb
678,\N,Len,Duncan,1911-07-25,American,http://en.wikipedia.org/wiki/Len_Duncan
679,\N,Ernie,McCoy,1921-02-19,American,http://en.wikipedia.org/wiki/Ernie_McCoy
680,\N,Jacques,Swaters,1926-10-30,American,http://en.wikipedia.org/wiki/Jacques_Swaters
681,\N,Georges,Berger,1918-09-14,Belgian,http://en.wikipedia.org/wiki/Georges_Berger
682,\N,Don,Beauman,1928-07-26,British,http://en.wikipedia.org/wiki/Don_Beauman
683,\N,Leslie,Thorne,1916-06-23,British,http://en.wikipedia.org/wiki/Leslie_Thorne
684,\N,Bill,Whitehouse,1909-04-01,British,http://en.wikipedia.org/wiki/Bill_Whitehouse
685,\N,John,Riseley-Prichard,1924-01-17,British,http://en.wikipedia.org/wiki/John_Riseley-Prichard
686,\N,Reg,Parnell,1911-07-02,British,http://en.wikipedia.org/wiki/Reg_Parnell
687,\N,Peter,Whitehead,1914-11-12,British,http://en.wikipedia.org/wiki/Peter_Whitehead_(racing_driver)
688,\N,Eric,Brandon,1920-07-18,British,http://en.wikipedia.org/wiki/Eric_Brandon
689,\N,Alan,Brown,1919-11-20,British,http://en.wikipedia.org/wiki/Alan_Brown_(racing_driver)
690,\N,Rodney,Nuckey,1929-06-26,British,http://en.wikipedia.org/wiki/Rodney_Nuckey
691,\N,Hermann,Lang,1909-04-06,German,http://en.wikipedia.org/wiki/Hermann_Lang
692,\N,Theo,Helfrich,1913-05-13,German,http://en.wikipedia.org/wiki/Theo_Helfrich
693,\N,Fred,Wacker,1918-07-10,American,http://en.wikipedia.org/wiki/Fred_Wacker
694,\N,Giovanni,de Riu,1925-03-10,Italian,http://en.wikipedia.org/wiki/Giovanni_de_Riu
695,\N,Oscar,Galvez,1913-08-17,Argentine,http://en.wikipedia.org/wiki/%C3%93scar_Alfredo_G%C3%A1lvez
696,\N,John,Barber,1929-07-22,British,http://en.wikipedia.org/wiki/John_Barber_(racing_driver)
697,\N,Felice,Bonetto,1903-06-09,Italian,http://en.wikipedia.org/wiki/Felice_Bonetto
698,\N,Adolfo,Cruz,1923-06-28,Argentine,http://en.wikipedia.org/wiki/Adolfo_Schewelm_Cruz
699,\N,Duke,Nalon,1913-03-02,American,http://en.wikipedia.org/wiki/Duke_Nalon
700,\N,Carl,Scarborough,1914-07-03,American,http://en.wikipedia.org/wiki/Carl_Scarborough
701,\N,Bill,Holland,1907-12-18,American,http://en.wikipedia.org/wiki/Bill_Holland
702,\N,Bob,Scott,1928-10-04,American,http://en.wikipedia.org/wiki/Bob_Scott_(auto_racer)
703,\N,Arthur,Legat,1/11/1898,Belgian,http://en.wikipedia.org/wiki/Arthur_Legat
704,\N,Yves,Cabantous,1904-10-08,French,http://en.wikipedia.org/wiki/Yves_Giraud_Cabantous
705,\N,Tony,Crook,1920-02-16,British,http://en.wikipedia.org/wiki/Tony_Crook
706,\N,Jimmy,Stewart,1931-03-06,British,http://en.wikipedia.org/wiki/Jimmy_Stewart_(racing_driver)
707,\N,Ian,Stewart,1929-07-15,British,http://en.wikipedia.org/wiki/Ian_Stewart_(racing_driver)
708,\N,Duncan,Hamilton,1920-04-30,British,http://en.wikipedia.org/wiki/Duncan_Hamilton_(racing_driver)
709,\N,Ernst,Klodwig,1903-05-23,East German,http://en.wikipedia.org/wiki/Ernst_Klodwig
710,\N,Rudolf,Krause,1907-03-30,East German,http://en.wikipedia.org/wiki/Rudolf_Krause
711,\N,Oswald,Karch,1917-03-06,German,http://en.wikipedia.org/wiki/Oswald_Karch
712,\N,Willi,Heeks,1922-02-13,German,http://en.wikipedia.org/wiki/Willi_Heeks
713,\N,Theo,Fitzau,1923-02-10,East German,http://en.wikipedia.org/wiki/Theo_Fitzau
714,\N,Kurt,Adolff,1921-11-05,German,http://en.wikipedia.org/wiki/Kurt_Adolff
715,\N,G�nther,Bechem,1921-12-21,German,http://en.wikipedia.org/wiki/G%C3%BCnther_Bechem
716,\N,Erwin,Bauer,1912-07-17,German,http://en.wikipedia.org/wiki/Erwin_Bauer
717,\N,Hans,von Stuck,1900-12-27,German,http://en.wikipedia.org/wiki/Hans_Von_Stuck
718,\N,Ernst,Loof,1907-07-04,German,http://en.wikipedia.org/wiki/Ernst_Loof
719,\N,Albert,Scherrer,1908-02-28,Swiss,http://en.wikipedia.org/wiki/Albert_Scherrer
720,\N,Max,de Terra,1918-10-06,Swiss,http://en.wikipedia.org/wiki/Max_de_Terra
721,\N,Peter,Hirt,1910-03-30,Swiss,http://en.wikipedia.org/wiki/Peter_Hirt
722,\N,Piero,Carini,1921-03-06,Italian,http://en.wikipedia.org/wiki/Piero_Carini
723,\N,Rudi,Fischer,1912-04-19,Swiss,http://en.wikipedia.org/wiki/Rudi_Fischer
724,\N,Toni,Ulmen,1906-01-25,German,http://en.wikipedia.org/wiki/Toni_Ulmen
725,\N,George,Abecassis,1913-03-21,British,http://en.wikipedia.org/wiki/George_Abecassis
726,\N,George,Connor,1906-08-16,American,http://en.wikipedia.org/wiki/George_Connor_(driver)
727,\N,Jim,Rigsby,1923-06-06,American,http://en.wikipedia.org/wiki/Jim_Rigsby
728,\N,Joe,James,1925-05-23,American,http://en.wikipedia.org/wiki/Joe_James_(racing_driver)
729,\N,Bill,Schindler,1909-03-06,American,http://en.wikipedia.org/wiki/Bill_Schindler
730,\N,George,Fonder,1917-06-22,American,http://en.wikipedia.org/wiki/George_Fonder
731,\N,Henry,Banks,1913-06-14,American,http://en.wikipedia.org/wiki/Henry_Banks
732,\N,Johnny,McDowell,1915-01-29,American,http://en.wikipedia.org/wiki/Johnny_McDowell
733,\N,Chet,Miller,1902-07-19,American,http://en.wikipedia.org/wiki/Chet_Miller
734,\N,Bobby,Ball,1925-08-26,American,http://en.wikipedia.org/wiki/Bobby_Ball_(auto_racer)
735,\N,Charles,de Tornaco,1927-06-07,Belgian,http://en.wikipedia.org/wiki/Charles_de_Tornaco
736,\N,Roger,Laurent,1913-02-21,Belgian,http://en.wikipedia.org/wiki/Roger_Laurent
737,\N,Robert,O'Brien,1908-04-11,American,http://en.wikipedia.org/wiki/Robert_O%27Brien_(auto_racer)
738,\N,Tony,Gaze,1920-02-03,Australian,http://en.wikipedia.org/wiki/Tony_Gaze
739,\N,Robin,Montgomerie-Charrington,1915-06-23,British,http://en.wikipedia.org/wiki/Robin_Montgomerie-Charrington
740,\N,Franco,Comotti,1906-07-24,Italian,http://en.wikipedia.org/wiki/Franco_Comotti
741,\N,Philippe,�tancelin,28/12/1896,French,http://en.wikipedia.org/wiki/Philippe_%C3%89tancelin
742,\N,Dennis,Poore,1916-08-19,British,http://en.wikipedia.org/wiki/Dennis_Poore
743,\N,Eric,Thompson,1919-11-04,British,http://en.wikipedia.org/wiki/Eric_Thompson_(racing_driver)
744,\N,Ken,Downing,1917-12-05,British,http://en.wikipedia.org/wiki/Ken_Downing
745,\N,Graham,Whitehead,1922-04-15,British,http://en.wikipedia.org/wiki/Graham_Whitehead
746,\N,Gino,Bianco,1916-07-22,Brazilian,http://en.wikipedia.org/wiki/Gino_Bianco
747,\N,David,Murray,1909-12-28,British,http://en.wikipedia.org/wiki/David_Murray_(driver)
748,\N,Eitel,Cantoni,1906-10-04,Uruguayan,http://en.wikipedia.org/wiki/Eitel_Cantoni
749,\N,Bill,Aston,1900-03-29,British,http://en.wikipedia.org/wiki/Bill_Aston
750,\N,Adolf,Brudes,15/10/1899,German,http://en.wikipedia.org/wiki/Adolf_Brudes
751,\N,Fritz,Riess,1922-07-11,German,http://en.wikipedia.org/wiki/Fritz_Riess
752,\N,Helmut,Niedermayr,1915-11-29,German,http://en.wikipedia.org/wiki/Helmut_Niedermayr
753,\N,Hans,Klenk,1919-10-28,German,http://en.wikipedia.org/wiki/Hans_Klenk
754,\N,Marcel,Balsa,1909-01-01,French,http://en.wikipedia.org/wiki/Marcel_Balsa
755,\N,Rudolf,Schoeller,1902-04-27,Swiss,http://en.wikipedia.org/wiki/Rudolf_Schoeller
756,\N,Paul,Pietsch,1911-06-20,German,http://en.wikipedia.org/wiki/Paul_Pietsch
757,\N,Josef,Peters,1914-09-16,German,http://en.wikipedia.org/wiki/Josef_Peters_(driver)
758,\N,Dries,van der Lof,1919-08-23,Dutch,http://en.wikipedia.org/wiki/Dries_van_der_Lof
759,\N,Jan,Flinterman,1919-10-02,Dutch,http://en.wikipedia.org/wiki/Jan_Flinterman
760,\N,Piero,Dusio,1899-10-13,Italian,http://en.wikipedia.org/wiki/Piero_Dusio
761,\N,Alberto,Crespo,1920-01-16,Argentine,http://en.wikipedia.org/wiki/Alberto_Crespo
762,\N,Franco,Rol,1908-06-05,Italian,http://en.wikipedia.org/wiki/Franco_Rol
763,\N,Consalvo,Sanesi,1911-03-28,Italian,http://en.wikipedia.org/wiki/Consalvo_Sanesi
764,\N,Guy,Mairesse,1910-08-10,French,http://en.wikipedia.org/wiki/Guy_Mairesse
765,\N,Henri,Louveau,1910-01-25,French,http://en.wikipedia.org/wiki/Henri_Louveau
766,\N,Lee,Wallard,1910-09-07,American,http://en.wikipedia.org/wiki/Lee_Wallard
767,\N,Carl,Forberg,1911-03-04,American,http://en.wikipedia.org/wiki/Carl_Forberg
768,\N,Mauri,Rose,1906-05-26,American,http://en.wikipedia.org/wiki/Mauri_Rose
769,\N,Bill,Mackey,1927-12-15,American,http://en.wikipedia.org/wiki/Bill_Mackey
770,\N,Cecil,Green,1919-09-30,American,http://en.wikipedia.org/wiki/Cecil_Green
771,\N,Walt,Brown,1911-12-30,American,http://en.wikipedia.org/wiki/Walt_Brown_(auto_racer)
772,\N,Mack,Hellings,1915-09-14,American,http://en.wikipedia.org/wiki/Mack_Hellings
773,\N,Pierre,Levegh,1905-12-22,French,http://en.wikipedia.org/wiki/Pierre_Levegh
774,\N,Eug�ne,Chaboud,1907-04-12,French,http://en.wikipedia.org/wiki/Eug%C3%A8ne_Chaboud
775,\N,Aldo,Gordini,1921-05-20,French,http://en.wikipedia.org/wiki/Aldo_Gordini
776,\N,Joe,Kelly,1913-03-13,Irish,http://en.wikipedia.org/wiki/Joe_Kelly_(Formula_One)
777,\N,Philip,Fotheringham-Parker,1907-09-22,British,http://en.wikipedia.org/wiki/Philip_Fotheringham-Parker
778,\N,Brian,Shawe Taylor,1915-01-28,British,http://en.wikipedia.org/wiki/Brian_Shawe_Taylor
779,\N,John,James,1914-05-10,British,http://en.wikipedia.org/wiki/John_James_(auto_racer)
780,\N,Toni,Branca,1916-09-15,Swiss,http://en.wikipedia.org/wiki/Toni_Branca
781,\N,Ken,Richardson,1911-08-21,British,http://en.wikipedia.org/wiki/Ken_Richardson_(race_car_driver)
782,\N,Juan,Jover,1903-11-23,Spanish,http://en.wikipedia.org/wiki/Juan_Jover
783,\N,Georges,Grignard,1905-07-25,French,http://en.wikipedia.org/wiki/Georges_Grignard
784,\N,David,Hampshire,1917-12-29,British,http://en.wikipedia.org/wiki/David_Hampshire
785,\N,Geoff,Crossley,1921-05-11,British,http://en.wikipedia.org/wiki/Geoff_Crossley
786,\N,Luigi,Fagioli,9/6/1898,Italian,http://en.wikipedia.org/wiki/Luigi_Fagioli
787,\N,Cuth,Harrison,1906-07-06,British,http://en.wikipedia.org/wiki/Cuth_Harrison
788,\N,Joe,Fry,1915-10-26,British,http://en.wikipedia.org/wiki/Joe_Fry
789,\N,Eug�ne ,Martin,1915-03-24,French,http://en.wikipedia.org/wiki/Eug%C3%A8ne_Martin
790,\N,Leslie,Johnson,1912-03-22,British,http://en.wikipedia.org/wiki/Leslie_Johnson_(racing_driver)
791,\N,Clemente,Biondetti,18/08/1898,Italian,http://en.wikipedia.org/wiki/Clemente_Biondetti
792,\N,Alfredo,Pi�n,1912-10-21,Argentine,http://en.wikipedia.org/wiki/Alfredo_Pi%C3%A0n
793,\N,Raymond,Sommer,1906-08-31,French,http://en.wikipedia.org/wiki/Raymond_Sommer
794,\N,Joie,Chitwood,1912-04-14,American,http://en.wikipedia.org/wiki/Joie_Chitwood
795,\N,Myron,Fohr,1912-06-17,American,http://en.wikipedia.org/wiki/Myron_Fohr
796,\N,Walt,Ader,1913-12-15,American,http://en.wikipedia.org/wiki/Walt_Ader
797,\N,Jackie,Holmes,1920-09-04,American,http://en.wikipedia.org/wiki/Jackie_Holmes
798,\N,Bayliss,Levrett,1914-02-14,American,http://en.wikipedia.org/wiki/Bayliss_Levrett
799,\N,Jimmy,Jackson,1910-07-25,American,http://en.wikipedia.org/wiki/Jimmy_Jackson_(driver)
800,\N,Nello,Pagani,1911-10-11,Italian,http://en.wikipedia.org/wiki/Nello_Pagani
801,\N,Charles,Pozzi,1909-08-27,French,http://en.wikipedia.org/wiki/Charles_Pozzi
802,\N,Dorino,Serafini,1909-07-22,Italian,http://en.wikipedia.org/wiki/Dorino_Serafini
803,\N,Bill,Cantrell,1908-01-31,American,http://en.wikipedia.org/wiki/William_Cantrell
804,\N,Johnny,Mantz,1918-09-18,American,http://en.wikipedia.org/wiki/Johnny_Mantz
805,\N,Danny,Kladis,1917-02-10,American,http://en.wikipedia.org/wiki/Danny_Kladis
806,\N,Oscar,Gonzalez,1923-11-10,Uruguayan,http://en.wikipedia.org/wiki/%C3%93scar_Gonz%C3%A1lez_(racing_driver)
807,HUL,Nico,H�lkenberg,1987-08-19,German,http://en.wikipedia.org/wiki/Nico_H%C3%BClkenberg
808,PET,Vitaly,Petrov,1984-09-08,Russian,http://en.wikipedia.org/wiki/Vitaly_Petrov
810,DIG,Lucas,di Grassi,1984-08-11,Brazilian,http://en.wikipedia.org/wiki/Lucas_di_Grassi
811,SEN,Bruno,Senna,1983-10-15,Brazilian,http://en.wikipedia.org/wiki/Bruno_Senna
812,CHA,Karun,Chandhok,1984-01-19,Indian,http://en.wikipedia.org/wiki/Karun_Chandhok
813,MAL,Pastor,Maldonado,1985-03-09,Venezuelan,http://en.wikipedia.org/wiki/Pastor_Maldonado
814,DIR,Paul,di Resta,1986-04-16,British,http://en.wikipedia.org/wiki/Paul_di_Resta
815,PER,Sergio,P�rez,1990-01-26,Mexican,http://en.wikipedia.org/wiki/Sergio_P%C3%A9rez
816,DAM,J�r�me,d'Ambrosio,1985-12-27,Belgian,http://en.wikipedia.org/wiki/J%C3%A9r%C3%B4me_d%27Ambrosio
817,RIC,Daniel,Ricciardo,1989-07-01,Australian,http://en.wikipedia.org/wiki/Daniel_Ricciardo
818,VER,Jean-�ric,Vergne,1990-04-25,French,http://en.wikipedia.org/wiki/Jean-%C3%89ric_Vergne
819,PIC,Charles,Pic,1990-02-15,French,http://en.wikipedia.org/wiki/Charles_Pic
820,CHI,Max,Chilton,1991-04-21,British,http://en.wikipedia.org/wiki/Max_Chilton
821,GUT,Esteban,Guti�rrez,1991-08-05,Mexican,http://en.wikipedia.org/wiki/Esteban_Guti%C3%A9rrez
822,BOT,Valtteri,Bottas,1989-08-28,Finnish,http://en.wikipedia.org/wiki/Valtteri_Bottas
823,VDG,Giedo,van der Garde,1985-04-25,Dutch,http://en.wikipedia.org/wiki/Giedo_van_der_Garde
824,BIA,Jules,Bianchi,1989-08-03,French,http://en.wikipedia.org/wiki/Jules_Bianchi
825,MAG,Kevin,Magnussen,1992-10-05,Danish,http://en.wikipedia.org/wiki/Kevin_Magnussen
826,KVY,Daniil,Kvyat,1994-04-26,Russian,http://en.wikipedia.org/wiki/Daniil_Kvyat
827,LOT,Andr�,Lotterer,1981-11-19,German,http://en.wikipedia.org/wiki/Andr%C3%A9_Lotterer
828,ERI,Marcus,Ericsson,1990-09-02,Swedish,http://en.wikipedia.org/wiki/Marcus_Ericsson
829,STE,Will,Stevens,1991-06-28,British,http://en.wikipedia.org/wiki/Will_Stevens
830,VER,Max,Verstappen,1997-09-30,Dutch,http://en.wikipedia.org/wiki/Max_Verstappen
831,NAS,Felipe,Nasr,1992-08-21,Brazilian,http://en.wikipedia.org/wiki/Felipe_Nasr
832,SAI,Carlos,Sainz,1994-09-01,Spanish,http://en.wikipedia.org/wiki/Carlos_Sainz_Jr.
833,MER,Roberto,Merhi,1991-03-22,Spanish,http://en.wikipedia.org/wiki/Roberto_Merhi
834,RSS,Alexander,Rossi,1991-09-25,American,http://en.wikipedia.org/wiki/Alexander_Rossi_%28racing_driver%29
835,PAL,Jolyon,Palmer,1991-01-20,British,http://en.wikipedia.org/wiki/Jolyon_Palmer
836,WEH,Pascal,Wehrlein,1994-10-18,German,http://en.wikipedia.org/wiki/Pascal_Wehrlein
837,HAR,Rio,Haryanto,1993-01-22,Indonesian,http://en.wikipedia.org/wiki/Rio_Haryanto
838,VAN,Stoffel,Vandoorne,1992-03-26,Belgian,http://en.wikipedia.org/wiki/Stoffel_Vandoorne
839,OCO,Esteban,Ocon,1996-09-17,French,http://en.wikipedia.org/wiki/Esteban_Ocon
840,STR,Lance,Stroll,1998-10-29,Canadian,http://en.wikipedia.org/wiki/Lance_Stroll
841,GIO,Antonio,Giovinazzi,1993-12-14,Italian,http://en.wikipedia.org/wiki/Antonio_Giovinazzi
843,HAR,Brendon,Hartley,1989-11-10,New Zealander,http://en.wikipedia.org/wiki/Brendon_Hartley
844,LEC,Charles,Leclerc,1997-10-16,Monegasque,http://en.wikipedia.org/wiki/Charles_Leclerc
845,SIR,Sergey,Sirotkin,1995-08-27,Russian,http://en.wikipedia.org/wiki/Sergey_Sirotkin_(racing_driver)
846,NOR,Lando,Norris,1999-11-13,British,http://en.wikipedia.org/wiki/Lando_Norris
847,RUS,George,Russell,1998-02-15,British,http://en.wikipedia.org/wiki/George_Russell_(racing_driver)
848,ALB,Alexander,Albon,1996-03-23,Thai,http://en.wikipedia.org/wiki/Alexander_Albon
849,LAT,Nicholas,Latifi,1995-06-29,Canadian,http://en.wikipedia.org/wiki/Nicholas_Latifi
850,FIT,Pietro,Fittipaldi,1996-06-25,Brazilian,http://en.wikipedia.org/wiki/Pietro_Fittipaldi
851,AIT,Jack,Aitken,1995-09-23,British,http://en.wikipedia.org/wiki/Jack_Aitken
852,TSU,Yuki,Tsunoda,2000-05-11,Japanese,http://en.wikipedia.org/wiki/Yuki_Tsunoda
853,MAZ,Nikita,Mazepin,1999-03-02,Russian,http://en.wikipedia.org/wiki/Nikita_Mazepin
854,MSC,Mick,Schumacher,1999-03-22,German,http://en.wikipedia.org/wiki/Mick_Schumacher
855,ZHO,Guanyu,Zhou,1999-05-30,Chinese,http://en.wikipedia.org/wiki/Zhou_Guanyu
856,DEV,Nyck,de Vries,1995-02-06,Dutch,http://en.wikipedia.org/wiki/Nyck_de_Vries
857,PIA,Oscar,Piastri,2001-04-06,Australian,http://en.wikipedia.org/wiki/Oscar_Piastri
858,SAR,Logan,Sargeant,2000-12-31,American,http://en.wikipedia.org/wiki/Logan_Sargeant
859,LAW,Liam,Lawson,2002-02-11,New Zealander,http://en.wikipedia.org/wiki/Liam_Lawson
860,BEA,Oliver,Bearman,2005-05-08,British,http://en.wikipedia.org/wiki/Oliver_Bearman